{
    "post": "/alertsTransaction/transactionViewerConfig",
    "contentType": "application/vnd.sas.triage.transaction.viewer.config+json",
    "body": [
        {
            "alertFieldValuePath": "actionableEntityID",
            "id": "sfd_txViewer_card_paymentFraud",
            "indexableVariablePath": "message.debitaccount.number",
            "optLockVersion": -1,
            "transactionGridDefinitionConfigs": [
                {
                    "id": "sfd_events_paymentfraud"
                },
                {
                    "id": "sfd_paymentTx_paymentfraud"
                },
                {
                    "id": "sfd_allTx_paymentfraud"
                }
            ],
            "transactionMarkConfigs": [
                {
                    "id": "mark_true_positive",
                    "rootMark": "confirm_invalid",
                    "transactionMarkLabel": "Confirmed Fraud"
                },
                {
                    "id": "mark_false_positive",
                    "rootMark": "confirm_valid",
                    "transactionMarkLabel": "Confirmed NOT Fraud"
                },
                {
                    "id": "mark_indeterminate_case",
                    "rootMark": "marked_for_review",
                    "transactionMarkLabel": "Case Investigation"
                },
                {
                    "id": "mark_indeterminate_review",
                    "rootMark": "marked_for_review",
                    "transactionMarkLabel": "Under Review"
                }
            ],
            "version": 1
        },
        {
            "alertFieldValuePath": "actionableEntityID",
            "id": "sfd_txViewer_creditcard",
            "indexableVariablePath": "message.creditcard.number",
            "optLockVersion": -1,
            "transactionGridDefinitionConfigs": [
                {
                    "id": "sfd_events_cardfraud"
                },
                {
                    "id": "sfd_allTx_cardfraud"
                },
                {
                    "id": "sfd_ccTx_cardfraud"
                }
            ],
            "transactionMarkConfigs": [
                {
                    "id": "mark_true_positive",
                    "rootMark": "confirm_invalid",
                    "transactionMarkLabel": "Confirmed Fraud"
                },
                {
                    "id": "mark_false_positive",
                    "rootMark": "confirm_valid",
                    "transactionMarkLabel": "Confirmed NOT Fraud"
                },
                {
                    "id": "mark_indeterminate_case",
                    "rootMark": "marked_for_review",
                    "transactionMarkLabel": "Case Investigation"
                },
                {
                    "id": "mark_indeterminate_review",
                    "rootMark": "marked_for_review",
                    "transactionMarkLabel": "Under Review"
                }
            ],
            "version": 1
        },
        {
            "alertFieldValuePath": "actionableEntityID",
            "id": "sfd_txViewer_customer_paymentFraud",
            "indexableVariablePath": "message.customer.identifier",
            "optLockVersion": -1,
            "transactionGridDefinitionConfigs": [
                {
                    "id": "sfd_events_paymentfraud"
                },
                {
                    "id": "sfd_paymentTx_paymentfraud"
                },
                {
                    "id": "sfd_allTx_paymentfraud"
                }
            ],
            "transactionMarkConfigs": [
                {
                    "id": "mark_true_positive",
                    "rootMark": "confirm_invalid",
                    "transactionMarkLabel": "Confirmed Fraud"
                },
                {
                    "id": "mark_false_positive",
                    "rootMark": "confirm_valid",
                    "transactionMarkLabel": "Confirmed NOT Fraud"
                },
                {
                    "id": "mark_indeterminate_case",
                    "rootMark": "marked_for_review",
                    "transactionMarkLabel": "Case Investigation"
                },
                {
                    "id": "mark_indeterminate_review",
                    "rootMark": "marked_for_review",
                    "transactionMarkLabel": "Under Review"
                }
            ],
            "version": 1
        },
        {
            "alertFieldValuePath": "actionableEntityID",
            "id": "sfd_txViewer_debitcard",
            "indexableVariablePath": "message.debitcard.number",
            "optLockVersion": -1,
            "transactionGridDefinitionConfigs": [
                {
                    "id": "sfd_events_cardfraud"
                },
                {
                    "id": "sfd_allTx_cardfraud"
                },
                {
                    "id": "sfd_dcTx_cardfraud"
                }
            ],
            "transactionMarkConfigs": [
                {
                    "id": "mark_true_positive",
                    "rootMark": "confirm_invalid",
                    "transactionMarkLabel": "Confirmed Fraud"
                },
                {
                    "id": "mark_false_positive",
                    "rootMark": "confirm_valid",
                    "transactionMarkLabel": "Confirmed NOT Fraud"
                },
                {
                    "id": "mark_indeterminate_case",
                    "rootMark": "marked_for_review",
                    "transactionMarkLabel": "Case Investigation"
                },
                {
                    "id": "mark_indeterminate_review",
                    "rootMark": "marked_for_review",
                    "transactionMarkLabel": "Under Review"
                }
            ],
            "version": 1
        },
        {
            "alertFieldValuePath": "actionableEntityID",
            "id": "sfd_txViewer_device",
            "indexableVariablePath": "message.device.udid",
            "optLockVersion": -1,
            "transactionGridDefinitionConfigs": [
                {
                    "id": "sfd_events_paymentfraud"
                },
                {
                    "id": "sfd_paymentTx_paymentfraud"
                },
                {
                    "id": "sfd_allTx_paymentfraud"
                }
            ],
            "transactionMarkConfigs": [
                {
                    "id": "mark_true_positive",
                    "rootMark": "confirm_invalid",
                    "transactionMarkLabel": "Confirmed Fraud"
                },
                {
                    "id": "mark_false_positive",
                    "rootMark": "confirm_valid",
                    "transactionMarkLabel": "Confirmed NOT Fraud"
                },
                {
                    "id": "mark_indeterminate_case",
                    "rootMark": "marked_for_review",
                    "transactionMarkLabel": "Case Investigation"
                },
                {
                    "id": "mark_indeterminate_review",
                    "rootMark": "marked_for_review",
                    "transactionMarkLabel": "Under Review"
                }
            ],
            "version": 1
        }
    ]
}