{
    "post": "/alertsTransaction/transactionTypes",
    "contentType": "application/vnd.sas.triage.transaction.type+json",
    "body": [
        {
            "defaultDisplayName": "Checking Account - Bill Payment",
            "discriminators": {
                "message.solution.activityType": [
                    "BP"
                ],
                "message.solution.originationType": [
                    "CK"
                ]
            },
            "displayName": "Checking Account - Bill Payment",
            "displayNameLocalizationKey": "6051979c3c6d77dd",
            "id": "CKBP",
            "indexableVariablePaths": "[\"message.customer.identifier\", \"message.debitaccount.number\", \"message.creditaccount.number\"]",
            "messageSchemaName": "Payment Fraud",
            "optLockVersion": -1,
            "retentionPeriod": 0,
            "transactionDatetimePath": "message.solution.messageDtTmUtc",
            "transactionIdPath": "message.sas.system.transactionIdentifier",
            "transactionTypeTableName": "CKBP",
            "version": 1
        },
        {
            "defaultDisplayName": "Checking Account - Check Deposit",
            "discriminators": {
                "message.solution.activityType": [
                    "CH"
                ],
                "message.solution.originationType": [
                    "CK"
                ]
            },
            "displayName": "Checking Account - Check Deposit",
            "displayNameLocalizationKey": "81fbdf9190926284",
            "id": "CKCH",
            "indexableVariablePaths": "[\"message.customer.identifier\", \"message.debitaccount.number\", \"message.creditaccount.number\"]",
            "messageSchemaName": "Payment Fraud",
            "optLockVersion": -1,
            "retentionPeriod": 0,
            "transactionDatetimePath": "message.solution.messageDtTmUtc",
            "transactionIdPath": "message.sas.system.transactionIdentifier",
            "transactionTypeTableName": "CKCH",
            "version": 1
        },
        {
            "defaultDisplayName": "Checking Account - Faster Payment",
            "discriminators": {
                "message.solution.activityType": [
                    "FP"
                ],
                "message.solution.originationType": [
                    "CK"
                ]
            },
            "displayName": "Checking Account - Faster Payment",
            "displayNameLocalizationKey": "e9c0a399c553bc6e",
            "id": "CKFP",
            "indexableVariablePaths": "[\"message.customer.identifier\", \"message.debitaccount.number\", \"message.creditaccount.number\", \"message.device.udid\"]",
            "messageSchemaName": "Payment Fraud",
            "optLockVersion": -1,
            "retentionPeriod": 0,
            "transactionDatetimePath": "message.solution.messageDtTmUtc",
            "transactionIdPath": "message.sas.system.transactionIdentifier",
            "transactionTypeTableName": "CKFP",
            "version": 1
        },
        {
            "defaultDisplayName": "Checking Account - Other Non-Monetary",
            "discriminators": {
                "message.solution.activityType": [
                    "NM"
                ],
                "message.solution.originationType": [
                    "CK"
                ]
            },
            "displayName": "Checking Account - Other Non-Monetary",
            "displayNameLocalizationKey": "023dd53d4f7b1e29",
            "id": "CKNM",
            "indexableVariablePaths": "[\"message.customer.identifier\"]",
            "messageSchemaName": "Payment Fraud",
            "optLockVersion": -1,
            "retentionPeriod": 0,
            "transactionDatetimePath": "message.solution.messageDtTmUtc",
            "transactionIdPath": "message.sas.system.transactionIdentifier",
            "transactionTypeTableName": "CKNM",
            "version": 1
        },
        {
            "defaultDisplayName": "Checking Account - Payment/Transfer Third Party",
            "discriminators": {
                "message.solution.activityType": [
                    "PT"
                ],
                "message.solution.originationType": [
                    "CK"
                ]
            },
            "displayName": "Checking Account - Payment/Transfer Third Party",
            "displayNameLocalizationKey": "070162891b5837cb",
            "id": "CKPT",
            "indexableVariablePaths": "[\"message.customer.identifier\", \"message.debitaccount.number\", \"message.creditaccount.number\"]",
            "messageSchemaName": "Payment Fraud",
            "optLockVersion": -1,
            "retentionPeriod": 0,
            "transactionDatetimePath": "message.solution.messageDtTmUtc",
            "transactionIdPath": "message.sas.system.transactionIdentifier",
            "transactionTypeTableName": "CKPT",
            "version": 1
        },
        {
            "defaultDisplayName": "Checking Account - Payment/Transfer self account",
            "discriminators": {
                "message.solution.activityType": [
                    "ST"
                ],
                "message.solution.originationType": [
                    "CK"
                ]
            },
            "displayName": "Checking Account - Payment/Transfer self account",
            "displayNameLocalizationKey": "93499052236cf020",
            "id": "CKST",
            "indexableVariablePaths": "[\"message.customer.identifier\", \"message.debitaccount.number\", \"message.creditaccount.number\"]",
            "messageSchemaName": "Payment Fraud",
            "optLockVersion": -1,
            "retentionPeriod": 0,
            "transactionDatetimePath": "message.solution.messageDtTmUtc",
            "transactionIdPath": "message.sas.system.transactionIdentifier",
            "transactionTypeTableName": "CKST",
            "version": 1
        },
        {
            "defaultDisplayName": "Checking Account - Peer to Peer Payment",
            "discriminators": {
                "message.solution.activityType": [
                    "PP"
                ],
                "message.solution.originationType": [
                    "CK"
                ]
            },
            "displayName": "Checking Account - Peer to Peer Payment",
            "displayNameLocalizationKey": "71c356b16af3f65e",
            "id": "CKPP",
            "indexableVariablePaths": "[\"message.customer.identifier\", \"message.debitaccount.number\", \"message.creditaccount.number\"]",
            "messageSchemaName": "Payment Fraud",
            "optLockVersion": -1,
            "retentionPeriod": 0,
            "transactionDatetimePath": "message.solution.messageDtTmUtc",
            "transactionIdPath": "message.sas.system.transactionIdentifier",
            "transactionTypeTableName": "CKPP",
            "version": 1
        },
        {
            "defaultDisplayName": "Credit Card -  ATM Cash Withdrawal",
            "discriminators": {
                "message.solution.activityType": [
                    "CT"
                ],
                "message.solution.originationType": [
                    "CC"
                ]
            },
            "displayName": "Credit Card -  ATM Cash Withdrawal",
            "displayNameLocalizationKey": "8e07c185d558cc43",
            "id": "CCCT",
            "indexableVariablePaths": "[\"message.customer.identifier\", \"message.creditcard.number\"]",
            "messageSchemaName": "Card Fraud",
            "optLockVersion": -1,
            "retentionPeriod": 0,
            "transactionDatetimePath": "message.solution.messageDtTmUtc",
            "transactionIdPath": "message.sas.system.transactionIdentifier",
            "transactionTypeTableName": "CCCT",
            "version": 1
        },
        {
            "defaultDisplayName": "Credit Card -  Counter Cash Withdrawal",
            "discriminators": {
                "message.solution.activityType": [
                    "CW"
                ],
                "message.solution.originationType": [
                    "CC"
                ]
            },
            "displayName": "Credit Card -  Counter Cash Withdrawal",
            "displayNameLocalizationKey": "cf608b5a344727b7",
            "id": "CCCW",
            "indexableVariablePaths": "[\"message.customer.identifier\", \"message.creditcard.number\"]",
            "messageSchemaName": "Card Fraud",
            "optLockVersion": -1,
            "retentionPeriod": 0,
            "transactionDatetimePath": "message.solution.messageDtTmUtc",
            "transactionIdPath": "message.sas.system.transactionIdentifier",
            "transactionTypeTableName": "CCCW",
            "version": 1
        },
        {
            "defaultDisplayName": "Credit Card -  Posting",
            "discriminators": {
                "message.solution.activityType": [
                    "CP"
                ],
                "message.solution.originationType": [
                    "CC"
                ]
            },
            "displayName": "Credit Card -  Posting",
            "displayNameLocalizationKey": "e6328b02e81876c5",
            "id": "CCCP",
            "indexableVariablePaths": "[\"message.customer.identifier\", \"message.creditcard.number\"]",
            "messageSchemaName": "Card Fraud",
            "optLockVersion": -1,
            "retentionPeriod": 0,
            "transactionDatetimePath": "message.solution.messageDtTmUtc",
            "transactionIdPath": "message.sas.system.transactionIdentifier",
            "transactionTypeTableName": "CCCP",
            "version": 1
        },
        {
            "defaultDisplayName": "Credit Card - Authentication",
            "discriminators": {
                "message.solution.activityType": [
                    "AT"
                ],
                "message.solution.originationType": [
                    "CC"
                ]
            },
            "displayName": "Credit Card - Authentication",
            "displayNameLocalizationKey": "9dd3b76fc69a9447",
            "id": "CCAT",
            "indexableVariablePaths": "[\"message.customer.identifier\", \"message.creditcard.number\"]",
            "messageSchemaName": "Card Fraud",
            "optLockVersion": -1,
            "retentionPeriod": 0,
            "transactionDatetimePath": "message.solution.messageDtTmUtc",
            "transactionIdPath": "message.sas.system.transactionIdentifier",
            "transactionTypeTableName": "CCAT",
            "version": 1
        },
        {
            "defaultDisplayName": "Credit Card - Authorization",
            "discriminators": {
                "message.solution.activityType": [
                    "CA"
                ],
                "message.solution.originationType": [
                    "CC"
                ]
            },
            "displayName": "Credit Card - Authorization",
            "displayNameLocalizationKey": "11d1cb86c7927896",
            "id": "CCCA",
            "indexableVariablePaths": "[\"message.customer.identifier\", \"message.creditcard.number\"]",
            "messageSchemaName": "Card Fraud",
            "optLockVersion": -1,
            "retentionPeriod": 0,
            "transactionDatetimePath": "message.solution.messageDtTmUtc",
            "transactionIdPath": "message.sas.system.transactionIdentifier",
            "transactionTypeTableName": "CCCA",
            "version": 1
        },
        {
            "defaultDisplayName": "Credit Card - Demographics",
            "discriminators": {
                "message.solution.activityType": [
                    "DE"
                ],
                "message.solution.originationType": [
                    "CC"
                ]
            },
            "displayName": "Credit Card - Demographics",
            "displayNameLocalizationKey": "e6ddd024ceedc94f",
            "id": "CCDE",
            "indexableVariablePaths": "[\"message.customer.identifier\", \"message.creditcard.number\"]",
            "messageSchemaName": "Card Fraud",
            "optLockVersion": -1,
            "retentionPeriod": 0,
            "transactionDatetimePath": "message.solution.messageDtTmUtc",
            "transactionIdPath": "message.sas.system.transactionIdentifier",
            "transactionTypeTableName": "CCDE",
            "version": 1
        },
        {
            "defaultDisplayName": "Credit Card - Deposit",
            "discriminators": {
                "message.solution.activityType": [
                    "DP"
                ],
                "message.solution.originationType": [
                    "CC"
                ]
            },
            "displayName": "Credit Card - Deposit",
            "displayNameLocalizationKey": "4d5ebee01d60a6e8",
            "id": "CCDP",
            "indexableVariablePaths": "[\"message.customer.identifier\", \"message.creditcard.number\"]",
            "messageSchemaName": "Card Fraud",
            "optLockVersion": -1,
            "retentionPeriod": 0,
            "transactionDatetimePath": "message.solution.messageDtTmUtc",
            "transactionIdPath": "message.sas.system.transactionIdentifier",
            "transactionTypeTableName": "CCDP",
            "version": 1
        },
        {
            "defaultDisplayName": "Credit Card - Other Non-Monetary",
            "discriminators": {
                "message.solution.activityType": [
                    "NM"
                ],
                "message.solution.originationType": [
                    "CC"
                ]
            },
            "displayName": "Credit Card - Other Non-Monetary",
            "displayNameLocalizationKey": "8e2bf4fd971736bf",
            "id": "CCNM",
            "indexableVariablePaths": "[\"message.customer.identifier\", \"message.creditcard.number\"]",
            "messageSchemaName": "Card Fraud",
            "optLockVersion": -1,
            "retentionPeriod": 0,
            "transactionDatetimePath": "message.solution.messageDtTmUtc",
            "transactionIdPath": "message.sas.system.transactionIdentifier",
            "transactionTypeTableName": "CCNM",
            "version": 1
        },
        {
            "defaultDisplayName": "Credit Card - Provisioning",
            "discriminators": {
                "message.solution.activityType": [
                    "CV"
                ],
                "message.solution.originationType": [
                    "CC"
                ]
            },
            "displayName": "Credit Card - Provisioning",
            "displayNameLocalizationKey": "7321def4e06a6fb5",
            "id": "CCCV",
            "indexableVariablePaths": "[\"message.customer.identifier\", \"message.creditcard.number\"]",
            "messageSchemaName": "Card Fraud",
            "optLockVersion": -1,
            "retentionPeriod": 0,
            "transactionDatetimePath": "message.solution.messageDtTmUtc",
            "transactionIdPath": "message.sas.system.transactionIdentifier",
            "transactionTypeTableName": "CCCV",
            "version": 1
        },
        {
            "defaultDisplayName": "Customer - Demographics",
            "discriminators": {
                "message.solution.activityType": [
                    "DE"
                ],
                "message.solution.originationType": [
                    "CS"
                ]
            },
            "displayName": "Customer - Demographics",
            "displayNameLocalizationKey": "1d2575581fb41912",
            "id": "CSDE",
            "indexableVariablePaths": "[\"message.customer.identifier\", \"message.debitaccount.number\", \"message.creditaccount.number\"]",
            "messageSchemaName": "Payment Fraud",
            "optLockVersion": -1,
            "retentionPeriod": 0,
            "transactionDatetimePath": "message.solution.messageDtTmUtc",
            "transactionIdPath": "message.sas.system.transactionIdentifier",
            "transactionTypeTableName": "CSDE",
            "version": 1
        },
        {
            "defaultDisplayName": "Customer - Other Non-Monetary",
            "discriminators": {
                "message.solution.activityType": [
                    "NM"
                ],
                "message.solution.originationType": [
                    "CS"
                ]
            },
            "displayName": "Customer - Other Non-Monetary",
            "displayNameLocalizationKey": "47400f88a1ff2112",
            "id": "CSNM",
            "indexableVariablePaths": "[\"message.customer.identifier\", \"message.debitaccount.number\", \"message.creditaccount.number\"]",
            "messageSchemaName": "Payment Fraud",
            "optLockVersion": -1,
            "retentionPeriod": 0,
            "transactionDatetimePath": "message.solution.messageDtTmUtc",
            "transactionIdPath": "message.sas.system.transactionIdentifier",
            "transactionTypeTableName": "CSNM",
            "version": 1
        },
        {
            "defaultDisplayName": "Debit Card - ATM Cash Withdrawal",
            "discriminators": {
                "message.solution.activityType": [
                    "CT"
                ],
                "message.solution.originationType": [
                    "DC"
                ]
            },
            "displayName": "Debit Card - ATM Cash Withdrawal",
            "displayNameLocalizationKey": "c2619ce0975096bd",
            "id": "DCCT",
            "indexableVariablePaths": "[\"message.customer.identifier\", \"message.debitcard.number\"]",
            "messageSchemaName": "Card Fraud",
            "optLockVersion": -1,
            "retentionPeriod": 0,
            "transactionDatetimePath": "message.solution.messageDtTmUtc",
            "transactionIdPath": "message.sas.system.transactionIdentifier",
            "transactionTypeTableName": "DCCT",
            "version": 1
        },
        {
            "defaultDisplayName": "Debit Card - Authentication",
            "discriminators": {
                "message.solution.activityType": [
                    "AT"
                ],
                "message.solution.originationType": [
                    "DC"
                ]
            },
            "displayName": "Debit Card - Authentication",
            "displayNameLocalizationKey": "4313ab2ad6009c4e",
            "id": "DCAT",
            "indexableVariablePaths": "[\"message.customer.identifier\", \"message.debitcard.number\"]",
            "messageSchemaName": "Card Fraud",
            "optLockVersion": -1,
            "retentionPeriod": 0,
            "transactionDatetimePath": "message.solution.messageDtTmUtc",
            "transactionIdPath": "message.sas.system.transactionIdentifier",
            "transactionTypeTableName": "DCAT",
            "version": 1
        },
        {
            "defaultDisplayName": "Debit Card - Authorization",
            "discriminators": {
                "message.solution.activityType": [
                    "CA"
                ],
                "message.solution.originationType": [
                    "DC"
                ]
            },
            "displayName": "Debit Card - Authorization",
            "displayNameLocalizationKey": "c6af5172b94fcf28",
            "id": "DCCA",
            "indexableVariablePaths": "[\"message.customer.identifier\", \"message.debitcard.number\"]",
            "messageSchemaName": "Card Fraud",
            "optLockVersion": -1,
            "retentionPeriod": 0,
            "transactionDatetimePath": "message.solution.messageDtTmUtc",
            "transactionIdPath": "message.sas.system.transactionIdentifier",
            "transactionTypeTableName": "DCCA",
            "version": 1
        },
        {
            "defaultDisplayName": "Debit Card - Counter Cash Withdrawal",
            "discriminators": {
                "message.solution.activityType": [
                    "CW"
                ],
                "message.solution.originationType": [
                    "DC"
                ]
            },
            "displayName": "Debit Card - Counter Cash Withdrawal",
            "displayNameLocalizationKey": "a40c1fce99460eef",
            "id": "DCCW",
            "indexableVariablePaths": "[\"message.customer.identifier\", \"message.debitcard.number\"]",
            "messageSchemaName": "Card Fraud",
            "optLockVersion": -1,
            "retentionPeriod": 0,
            "transactionDatetimePath": "message.solution.messageDtTmUtc",
            "transactionIdPath": "message.sas.system.transactionIdentifier",
            "transactionTypeTableName": "DCCW",
            "version": 1
        },
        {
            "defaultDisplayName": "Debit Card - Demographics",
            "discriminators": {
                "message.solution.activityType": [
                    "DE"
                ],
                "message.solution.originationType": [
                    "DC"
                ]
            },
            "displayName": "Debit Card - Demographics",
            "displayNameLocalizationKey": "37263a2c830179b6",
            "id": "DCDE",
            "indexableVariablePaths": "[\"message.customer.identifier\", \"message.debitcard.number\"]",
            "messageSchemaName": "Card Fraud",
            "optLockVersion": -1,
            "retentionPeriod": 0,
            "transactionDatetimePath": "message.solution.messageDtTmUtc",
            "transactionIdPath": "message.sas.system.transactionIdentifier",
            "transactionTypeTableName": "DCDE",
            "version": 1
        },
        {
            "defaultDisplayName": "Debit Card - Deposit",
            "discriminators": {
                "message.solution.activityType": [
                    "DP"
                ],
                "message.solution.originationType": [
                    "DC"
                ]
            },
            "displayName": "Debit Card - Deposit",
            "displayNameLocalizationKey": "8163fe826711d997",
            "id": "DCDP",
            "indexableVariablePaths": "[\"message.customer.identifier\", \"message.debitcard.number\"]",
            "messageSchemaName": "Card Fraud",
            "optLockVersion": -1,
            "retentionPeriod": 0,
            "transactionDatetimePath": "message.solution.messageDtTmUtc",
            "transactionIdPath": "message.sas.system.transactionIdentifier",
            "transactionTypeTableName": "DCDP",
            "version": 1
        },
        {
            "defaultDisplayName": "Debit Card - Other Non-Monetary",
            "discriminators": {
                "message.solution.activityType": [
                    "NM"
                ],
                "message.solution.originationType": [
                    "DC"
                ]
            },
            "displayName": "Debit Card - Other Non-Monetary",
            "displayNameLocalizationKey": "41cc712f9d31ca48",
            "id": "DCNM",
            "indexableVariablePaths": "[\"message.customer.identifier\", \"message.debitcard.number\"]",
            "messageSchemaName": "Card Fraud",
            "optLockVersion": -1,
            "retentionPeriod": 0,
            "transactionDatetimePath": "message.solution.messageDtTmUtc",
            "transactionIdPath": "message.sas.system.transactionIdentifier",
            "transactionTypeTableName": "DCNM",
            "version": 1
        },
        {
            "defaultDisplayName": "Debit Card - Posting",
            "discriminators": {
                "message.solution.activityType": [
                    "CP"
                ],
                "message.solution.originationType": [
                    "DC"
                ]
            },
            "displayName": "Debit Card - Posting",
            "displayNameLocalizationKey": "cf3b1e8ce908f6d3",
            "id": "DCCP",
            "indexableVariablePaths": "[\"message.customer.identifier\", \"message.debitcard.number\"]",
            "messageSchemaName": "Card Fraud",
            "optLockVersion": -1,
            "retentionPeriod": 0,
            "transactionDatetimePath": "message.solution.messageDtTmUtc",
            "transactionIdPath": "message.sas.system.transactionIdentifier",
            "transactionTypeTableName": "DCCP",
            "version": 1
        },
        {
            "defaultDisplayName": "Debit Card - Provisioning",
            "discriminators": {
                "message.solution.activityType": [
                    "CV"
                ],
                "message.solution.originationType": [
                    "DC"
                ]
            },
            "displayName": "Debit Card - Provisioning",
            "displayNameLocalizationKey": "ed5fc1c38828f3d3",
            "id": "DCCV",
            "indexableVariablePaths": "[\"message.customer.identifier\", \"message.debitcard.number\"]",
            "messageSchemaName": "Card Fraud",
            "optLockVersion": -1,
            "retentionPeriod": 0,
            "transactionDatetimePath": "message.solution.messageDtTmUtc",
            "transactionIdPath": "message.sas.system.transactionIdentifier",
            "transactionTypeTableName": "DCCV",
            "version": 1
        }
    ]
}