Customer_ID,Name,Country,Address,DOB,Declared_Related_Customer,Bank_Employee_Flag
CUST2001,An Van Nguyen,VN,HCMC,1/1/1995,CUST2002;CUST20001,Yes
CUST2002,Mai Thi Tran,VN,Hanoi,8/9/1988,,Yes
CUST2004,Tuan Minh Le,VN,HCMC,30/6/1985,,Yes
CUST2005,Lan Ngoc Pham,VN,HCMC,1/1/1995,,
CUST2006,Khanh Van Cao,VN,Hanoi,8/11/1987,,
CUST2003,Diep Ngoc Do,VN,HCMC,8/9/1975,,Yes
CUST1001,An Van Nguyen,VN,HCMC,34700,CUST1005,
CUST1002,Mai Thi Tran,VN,Hanoi,32364,,
CUST1004,Tuan Minh Le,VN,HCMC,30/06/1985,,
CUST1005,Lan Ngoc Pham,VN,Hanoi,,,
CUST1006,Khanh Van Cao,VN,HCMC,,,
CUST001,Alice Tran,VN,HCMC,32874,CUST4005;CUST4006,
CUST002,Bob Nguyen,VN,Hanoi,31179,,
CUST004,David Pham,VN,HCMC,32344,,
CUST005,Lan Ngoc Pham,VN,Hanoi,,,
CUST006,Khanh Van Cao,VN,HCMC,,,
