Transaction_Type,Transaction_ID,Trans_DT,CounterParty_ID,Customer_ID,Amount,Customer_Account_No,Counterparty_Account_No,Counterparty_Name,Counterparty_Bank_Name,Derived_Counterparty_ID
CREDIT_INT_TRANSFER,TXN001,2025-01-01 00:00:00,CUST001,CUST002,100000000,ACC002,ACC001,Alice Tran,Sacombank,CUST001
CREDIT_INT_TRANSFER,TXN002,2025-03-01 00:00:00,CUST002,CUST001,50000000,ACC001,ACC002,Bob Nguyen,Sacombank,CUST002
CREDIT_INT_TRANSFER,TXN003,2025-05-01 00:00:00,CUST001,CUST002,20000000,ACC002,ACC001,Alice Tran,Sacombank,CUST001
CREDIT_INT_TRANSFER,TXN004,2025-07-01 00:00:00,CUST002,CUST001,30000000,ACC001,ACC002,Bob Nguyen,Sacombank,CUST002
CREDIT_INT_TRANSFER,TXN005,2025-09-01 00:00:00,CUST001,CUST002,10000000,ACC002,ACC001,Alice Tran,Sacombank,CUST001
DEBIT_EXT_TRANSFER,TXN006,2025-10-01 00:00:00,,CUST001,20000000,ACC001,998877,Linh Pham,VPBank,Linh_Pham_VPBank_998877
DEBIT_EXT_TRANSFER,TXN007,2025-11-01 00:00:00,,CUST001,30000000,ACC001,998877,Linh Pham,VPBank,Linh_Pham_VPBank_998877
DEBIT_EXT_TRANSFER,TXN008,2025-12-01 00:00:00,,CUST001,10000000,ACC001,998877,Linh Pham,VPBank,Linh_Pham_VPBank_998877
DEBIT_EXT_TRANSFER,TXN009,13/1/2025,,CUST001,100000000,ACC002,998877,Linh Pham,VPBank,Linh_Pham_VPBank_998877
DEBIT_EXT_TRANSFER,TXN010,14/1/2025,,CUST001,70000000,ACC002,998877,Linh Pham,VPBank,Linh_Pham_VPBank_998877
CREDIT_INT_TRANSFER,TXN011,20/1/2025,CUST001,CUST004,805000000,ACC004,ACC001,Alice Tran,Sacombank,CUST001
CREDIT_INT_TRANSFER,TXN012,22/1/2025,CUST002,CUST005,350000000,ACC004,ACC002,Bob Nguyen,Sacombank,CUST002
CREDIT_EXT_TRANSFER,TXN013,23/1//2025,,CUST006,300000000,ACC004,998877,Linh Pham,VPBank,Linh_Pham_VPBank_998877
DEBIT_EXT_TRANSFER,TXN016,30/1/2025,,CUST004,750000000,ACC004,998877,Linh Pham,VPBank,Linh_Pham_VPBank_998877
