{
    "post": "/alerts/pageDefinitions",
    "contentType": "application/vnd.sas.collection.triage.page.definition+json",
    "body": [
        [
            {
                "definitionData": {
                    "panes": [
                        {
                            "coordinates": [
                                0,
                                0
                            ],
                            "defaultSize": "25%",
                            "links": [
                                {
                                    "href": "/account/data/${contactEntityID}",
                                    "itemType": "account",
                                    "rel": "data"
                                },
                                {
                                    "href": "/account/meta",
                                    "itemType": "account",
                                    "rel": "metadata"
                                }
                            ],
                            "title": "Account"
                        },
                        {
                            "coordinates": [
                                0,
                                1
                            ],
                            "defaultSize": "50%",
                            "links": [
                                {
                                    "href": "/contact/data/${contactEntityID}",
                                    "itemType": "contact",
                                    "rel": "data"
                                },
                                {
                                    "href": "/contact/meta",
                                    "itemType": "contact",
                                    "rel": "metadata"
                                }
                            ],
                            "title": "Contact Information"
                        },
                        {
                            "coordinates": [
                                0,
                                2
                            ],
                            "defaultSize": "25%",
                            "links": [
                                {
                                    "href": "/customer/data/${contactEntityID}",
                                    "itemType": "customer",
                                    "rel": "data"
                                },
                                {
                                    "href": "/customer/meta",
                                    "itemType": "customer",
                                    "rel": "metadata"
                                }
                            ],
                            "title": "Customer"
                        },
                        {
                            "contentConfigId": "sfd_txViewer_card_paymentFraud",
                            "contentType": "table",
                            "coordinates": [
                                1,
                                0
                            ],
                            "title": "Transactions"
                        }
                    ],
                    "splitbarType": "horizontalCollapseUp"
                },
                "entityTypeID": "sfd_company",
                "id": "sfd_company_x_payment_fraud",
                "optLockVersion": -1,
                "triageTypeID": "sfd_payment_fraud",
                "version": 1
            },
            {
                "definitionData": {
                    "panes": [
                        {
                            "coordinates": [
                                0,
                                0
                            ],
                            "defaultSize": "25%",
                            "links": [
                                {
                                    "href": "/account/data/${contactEntityID}",
                                    "itemType": "account",
                                    "rel": "data"
                                },
                                {
                                    "href": "/account/meta",
                                    "itemType": "account",
                                    "rel": "metadata"
                                }
                            ],
                            "title": "Account"
                        },
                        {
                            "coordinates": [
                                0,
                                1
                            ],
                            "defaultSize": "50%",
                            "links": [
                                {
                                    "href": "/contact/data/${contactEntityID}",
                                    "itemType": "contact",
                                    "rel": "data"
                                },
                                {
                                    "href": "/contact/meta",
                                    "itemType": "contact",
                                    "rel": "metadata"
                                }
                            ],
                            "title": "Contact Information"
                        },
                        {
                            "coordinates": [
                                0,
                                2
                            ],
                            "defaultSize": "25%",
                            "links": [
                                {
                                    "href": "/customer/data/${contactEntityID}",
                                    "itemType": "customer",
                                    "rel": "data"
                                },
                                {
                                    "href": "/customer/meta",
                                    "itemType": "customer",
                                    "rel": "metadata"
                                }
                            ],
                            "title": "Customer"
                        },
                        {
                            "contentConfigId": "sfd_txViewer_card_paymentFraud",
                            "contentType": "table",
                            "coordinates": [
                                1,
                                0
                            ],
                            "title": "Transactions"
                        }
                    ],
                    "splitbarType": "horizontalCollapseUp"
                },
                "entityTypeID": "sfd_company",
                "id": "sfd_company_x_vip_payment_fraud",
                "optLockVersion": -1,
                "triageTypeID": "sfd_vip_payment_fraud",
                "version": 1
            },
            {
                "definitionData": {
                    "panes": [
                        {
                            "coordinates": [
                                0,
                                0
                            ],
                            "defaultSize": "25%",
                            "links": [
                                {
                                    "href": "/account/data/${contactEntityID}",
                                    "itemType": "account",
                                    "rel": "data"
                                },
                                {
                                    "href": "/account/meta",
                                    "itemType": "account",
                                    "rel": "metadata"
                                }
                            ],
                            "title": "Account"
                        },
                        {
                            "coordinates": [
                                0,
                                1
                            ],
                            "defaultSize": "50%",
                            "links": [
                                {
                                    "href": "/contact/data/${contactEntityID}",
                                    "itemType": "contact",
                                    "rel": "data"
                                },
                                {
                                    "href": "/contact/meta",
                                    "itemType": "contact",
                                    "rel": "metadata"
                                }
                            ],
                            "title": "Contact Information"
                        },
                        {
                            "coordinates": [
                                0,
                                2
                            ],
                            "defaultSize": "25%",
                            "links": [
                                {
                                    "href": "/customer/data/${contactEntityID}",
                                    "itemType": "customer",
                                    "rel": "data"
                                },
                                {
                                    "href": "/customer/meta",
                                    "itemType": "customer",
                                    "rel": "metadata"
                                }
                            ],
                            "title": "Customer"
                        },
                        {
                            "contentConfigId": "sfd_txViewer_card_paymentFraud",
                            "contentType": "table",
                            "coordinates": [
                                1,
                                0
                            ],
                            "title": "Transactions"
                        }
                    ],
                    "splitbarType": "horizontalCollapseUp"
                },
                "entityTypeID": "sfd_creditacc",
                "id": "sfd_creditacc_x_payment_fraud",
                "optLockVersion": -1,
                "triageTypeID": "sfd_payment_fraud",
                "version": 1
            },
            {
                "definitionData": {
                    "panes": [
                        {
                            "coordinates": [
                                0,
                                0
                            ],
                            "defaultSize": "25%",
                            "links": [
                                {
                                    "href": "/account/data/${contactEntityID}",
                                    "itemType": "account",
                                    "rel": "data"
                                },
                                {
                                    "href": "/account/meta",
                                    "itemType": "account",
                                    "rel": "metadata"
                                }
                            ],
                            "title": "Account"
                        },
                        {
                            "coordinates": [
                                0,
                                1
                            ],
                            "defaultSize": "50%",
                            "links": [
                                {
                                    "href": "/contact/data/${contactEntityID}",
                                    "itemType": "contact",
                                    "rel": "data"
                                },
                                {
                                    "href": "/contact/meta",
                                    "itemType": "contact",
                                    "rel": "metadata"
                                }
                            ],
                            "title": "Contact Information"
                        },
                        {
                            "coordinates": [
                                0,
                                2
                            ],
                            "defaultSize": "25%",
                            "links": [
                                {
                                    "href": "/customer/data/${contactEntityID}",
                                    "itemType": "customer",
                                    "rel": "data"
                                },
                                {
                                    "href": "/customer/meta",
                                    "itemType": "customer",
                                    "rel": "metadata"
                                }
                            ],
                            "title": "Customer"
                        },
                        {
                            "contentConfigId": "sfd_txViewer_card_paymentFraud",
                            "contentType": "table",
                            "coordinates": [
                                1,
                                0
                            ],
                            "title": "Transactions"
                        }
                    ],
                    "splitbarType": "horizontalCollapseUp"
                },
                "entityTypeID": "sfd_creditacc",
                "id": "sfd_creditacc_x_vip_payment_fraud",
                "optLockVersion": -1,
                "triageTypeID": "sfd_vip_payment_fraud",
                "version": 1
            },
            {
                "definitionData": {
                    "childComponents": [
                        {
                            "childComponents": [
                                {
                                    "childComponents": [
                                        {
                                            "childComponents": [
                                                {
                                                    "configID": "ui_contact_info_kvps_in_pane"
                                                },
                                                {
                                                    "configID": "ui_customer_kvps_in_pane"
                                                },
                                                {
                                                    "configID": "ui_account_kvps_in_pane"
                                                }
                                            ],
                                            "config": {
                                                "border": false,
                                                "flow": "horizontal",
                                                "padding": true
                                            },
                                            "coordinates": [
                                                0,
                                                0
                                            ],
                                            "defaultSize": "100%",
                                            "id": "alertdetails",
                                            "showToolbar": true,
                                            "type": "Pane"
                                        },
                                        {
                                            "configID": "ui_creditcard_txs_with_select_pane",
                                            "coordinates": [
                                                1,
                                                0
                                            ]
                                        }
                                    ],
                                    "config": {
                                        "splitbarType": "horizontalCollapseUp"
                                    },
                                    "id": "top_of_tab_1",
                                    "type": "Splitter"
                                }
                            ],
                            "config": {
                                "defaultLabel": "Alert Information",
                                "showToolbar": true
                            },
                            "id": "ccard_alert_data_tab",
                            "type": "Tab"
                        },
                        {
                            "childComponents": [
                                {
                                    "configID": "alerts_default",
                                    "type": "RelatedAlerts"
                                }
                            ],
                            "config": {
                                "defaultLabel": "Related Alert Information",
                                "showToolbar": true
                            },
                            "id": "ccard_rel_alert_data_tab",
                            "type": "Tab"
                        }
                    ],
                    "config": {
                        "showToolbar": true
                    },
                    "id": "tabPage",
                    "type": "TabBar",
                    "version": 2
                },
                "entityTypeID": "sfd_creditcard",
                "id": "sfd_creditcard_x_credit_card_fraud",
                "optLockVersion": -1,
                "triageTypeID": "sfd_credit_card_fraud",
                "version": 1
            },
            {
                "definitionData": {
                    "panes": [
                        {
                            "coordinates": [
                                0,
                                0
                            ],
                            "defaultSize": "25%",
                            "links": [
                                {
                                    "href": "/account/data/${contactEntityID}",
                                    "itemType": "account",
                                    "rel": "data"
                                },
                                {
                                    "href": "/account/meta",
                                    "itemType": "account",
                                    "rel": "metadata"
                                }
                            ],
                            "title": "Account"
                        },
                        {
                            "coordinates": [
                                0,
                                1
                            ],
                            "defaultSize": "50%",
                            "links": [
                                {
                                    "href": "/contact/data/${contactEntityID}",
                                    "itemType": "contact",
                                    "rel": "data"
                                },
                                {
                                    "href": "/contact/meta",
                                    "itemType": "contact",
                                    "rel": "metadata"
                                }
                            ],
                            "title": "Contact Information"
                        },
                        {
                            "coordinates": [
                                0,
                                2
                            ],
                            "defaultSize": "25%",
                            "links": [
                                {
                                    "href": "/customer/data/${contactEntityID}",
                                    "itemType": "customer",
                                    "rel": "data"
                                },
                                {
                                    "href": "/customer/meta",
                                    "itemType": "customer",
                                    "rel": "metadata"
                                }
                            ],
                            "title": "Customer"
                        },
                        {
                            "contentConfigId": "sfd_txViewer_card_paymentFraud",
                            "contentType": "table",
                            "coordinates": [
                                1,
                                0
                            ],
                            "title": "Transactions"
                        }
                    ],
                    "splitbarType": "horizontalCollapseUp"
                },
                "entityTypeID": "sfd_creditcard",
                "id": "sfd_creditcard_x_payment_fraud",
                "optLockVersion": -1,
                "triageTypeID": "sfd_payment_fraud",
                "version": 1
            },
            {
                "definitionData": {
                    "childComponents": [
                        {
                            "childComponents": [
                                {
                                    "childComponents": [
                                        {
                                            "childComponents": [
                                                {
                                                    "configID": "ui_contact_info_kvps_in_pane",
                                                    "defaultSize": "33%"
                                                },
                                                {
                                                    "configID": "ui_customer_kvps_in_pane",
                                                    "defaultSize": "33%"
                                                },
                                                {
                                                    "configID": "ui_account_kvps_in_pane",
                                                    "defaultSize": "33%"
                                                }
                                            ],
                                            "config": {
                                                "border": false,
                                                "flow": "horizontal",
                                                "padding": true
                                            },
                                            "coordinates": [
                                                0,
                                                0
                                            ],
                                            "id": "alertdetails",
                                            "type": "Pane"
                                        },
                                        {
                                            "configID": "ui_customer_txs_with_select_pane",
                                            "coordinates": [
                                                1,
                                                0
                                            ]
                                        }
                                    ],
                                    "config": {
                                        "splitbarType": "horizontalCollapseUp"
                                    },
                                    "id": "top_of_tab_1",
                                    "type": "Splitter"
                                }
                            ],
                            "config": {
                                "defaultLabel": "Alert Information",
                                "showToolbar": false
                            },
                            "id": "cust_alert_data_tab",
                            "type": "Tab"
                        },
                        {
                            "childComponents": [
                                {
                                    "configID": "alerts_default",
                                    "type": "RelatedAlerts"
                                }
                            ],
                            "config": {
                                "defaultLabel": "Related Alert Information",
                                "showToolbar": false
                            },
                            "id": "cust_rel_alert_data_tab",
                            "type": "Tab"
                        }
                    ],
                    "config": {
                        "showToolbar": true
                    },
                    "id": "tabPage",
                    "type": "TabBar",
                    "version": 2
                },
                "entityTypeID": "sfd_customer",
                "id": "sfd_customer_x_payment_fraud",
                "optLockVersion": -1,
                "triageTypeID": "sfd_payment_fraud",
                "version": 1
            },
            {
                "definitionData": {
                    "panes": [
                        {
                            "coordinates": [
                                0,
                                0
                            ],
                            "defaultSize": "25%",
                            "links": [
                                {
                                    "href": "/account/data/${contactEntityID}",
                                    "itemType": "account",
                                    "rel": "data"
                                },
                                {
                                    "href": "/account/meta",
                                    "itemType": "account",
                                    "rel": "metadata"
                                }
                            ],
                            "title": "Account"
                        },
                        {
                            "coordinates": [
                                0,
                                1
                            ],
                            "defaultSize": "50%",
                            "links": [
                                {
                                    "href": "/contact/data/${contactEntityID}",
                                    "itemType": "contact",
                                    "rel": "data"
                                },
                                {
                                    "href": "/contact/meta",
                                    "itemType": "contact",
                                    "rel": "metadata"
                                }
                            ],
                            "title": "Contact Information"
                        },
                        {
                            "coordinates": [
                                0,
                                2
                            ],
                            "defaultSize": "25%",
                            "links": [
                                {
                                    "href": "/customer/data/${contactEntityID}",
                                    "itemType": "customer",
                                    "rel": "data"
                                },
                                {
                                    "href": "/customer/meta",
                                    "itemType": "customer",
                                    "rel": "metadata"
                                }
                            ],
                            "title": "Customer"
                        },
                        {
                            "contentConfigId": "sfd_txViewer_card_paymentFraud",
                            "contentType": "table",
                            "coordinates": [
                                1,
                                0
                            ],
                            "title": "Transactions"
                        }
                    ],
                    "splitbarType": "horizontalCollapseUp"
                },
                "entityTypeID": "sfd_customer",
                "id": "sfd_customer_x_vip_payment_fraud",
                "optLockVersion": -1,
                "triageTypeID": "sfd_vip_payment_fraud",
                "version": 1
            },
            {
                "definitionData": {
                    "childComponents": [
                        {
                            "childComponents": [
                                {
                                    "childComponents": [
                                        {
                                            "childComponents": [
                                                {
                                                    "configID": "ui_contact_info_kvps_in_pane",
                                                    "defaultSize": "33%"
                                                },
                                                {
                                                    "configID": "ui_customer_kvps_in_pane",
                                                    "defaultSize": "33%"
                                                },
                                                {
                                                    "configID": "ui_account_kvps_in_pane",
                                                    "defaultSize": "33%"
                                                }
                                            ],
                                            "config": {
                                                "border": false,
                                                "flow": "horizontal",
                                                "padding": false
                                            },
                                            "coordinates": [
                                                0,
                                                0
                                            ],
                                            "id": "alertdetails",
                                            "type": "Pane"
                                        },
                                        {
                                            "configID": "ui_debitacc_txs_with_select_pane",
                                            "coordinates": [
                                                1,
                                                0
                                            ]
                                        }
                                    ],
                                    "config": {
                                        "splitbarType": "horizontalCollapseUp"
                                    },
                                    "id": "top_of_tab_1",
                                    "type": "Splitter"
                                }
                            ],
                            "config": {
                                "defaultLabel": "Alert Information",
                                "showToolbar": true
                            },
                            "id": "dacc_alert_data_tab",
                            "type": "Tab"
                        },
                        {
                            "childComponents": [
                                {
                                    "configID": "alerts_default",
                                    "type": "RelatedAlerts"
                                }
                            ],
                            "config": {
                                "defaultLabel": "Related Alert Information",
                                "showToolbar": true
                            },
                            "id": "dacc_rel_alert_data_tab",
                            "type": "Tab"
                        }
                    ],
                    "config": {
                        "showToolbar": true
                    },
                    "id": "tabPage",
                    "type": "TabBar",
                    "version": 2
                },
                "entityTypeID": "sfd_debitacc",
                "id": "sfd_debitacc_x_payment_fraud",
                "optLockVersion": -1,
                "triageTypeID": "sfd_payment_fraud",
                "version": 1
            },
            {
                "definitionData": {
                    "panes": [
                        {
                            "coordinates": [
                                0,
                                0
                            ],
                            "defaultSize": "25%",
                            "links": [
                                {
                                    "href": "/account/data/${contactEntityID}",
                                    "itemType": "account",
                                    "rel": "data"
                                },
                                {
                                    "href": "/account/meta",
                                    "itemType": "account",
                                    "rel": "metadata"
                                }
                            ],
                            "title": "Account"
                        },
                        {
                            "coordinates": [
                                0,
                                1
                            ],
                            "defaultSize": "50%",
                            "links": [
                                {
                                    "href": "/contact/data/${contactEntityID}",
                                    "itemType": "contact",
                                    "rel": "data"
                                },
                                {
                                    "href": "/contact/meta",
                                    "itemType": "contact",
                                    "rel": "metadata"
                                }
                            ],
                            "title": "Contact Information"
                        },
                        {
                            "coordinates": [
                                0,
                                2
                            ],
                            "defaultSize": "25%",
                            "links": [
                                {
                                    "href": "/customer/data/${contactEntityID}",
                                    "itemType": "customer",
                                    "rel": "data"
                                },
                                {
                                    "href": "/customer/meta",
                                    "itemType": "customer",
                                    "rel": "metadata"
                                }
                            ],
                            "title": "Customer"
                        },
                        {
                            "contentConfigId": "sfd_txViewer_card_paymentFraud",
                            "contentType": "table",
                            "coordinates": [
                                1,
                                0
                            ],
                            "title": "Transactions"
                        }
                    ],
                    "splitbarType": "horizontalCollapseUp"
                },
                "entityTypeID": "sfd_debitacc",
                "id": "sfd_debitacc_x_vip_payment_fraud",
                "optLockVersion": -1,
                "triageTypeID": "sfd_vip_payment_fraud",
                "version": 1
            },
            {
                "definitionData": {
                    "childComponents": [
                        {
                            "childComponents": [
                                {
                                    "childComponents": [
                                        {
                                            "childComponents": [
                                                {
                                                    "configID": "ui_contact_info_kvps_in_pane"
                                                },
                                                {
                                                    "configID": "ui_customer_kvps_in_pane"
                                                },
                                                {
                                                    "configID": "ui_account_kvps_in_pane"
                                                }
                                            ],
                                            "config": {
                                                "border": false,
                                                "flow": "horizontal",
                                                "padding": true
                                            },
                                            "coordinates": [
                                                0,
                                                0
                                            ],
                                            "defaultSize": "100%",
                                            "id": "alertdetails",
                                            "showToolbar": true,
                                            "type": "Pane"
                                        },
                                        {
                                            "configID": "ui_transactions_with_selected_pane",
                                            "coordinates": [
                                                1,
                                                0
                                            ]
                                        }
                                    ],
                                    "config": {
                                        "splitbarType": "horizontalCollapseUp"
                                    },
                                    "id": "top_of_tab_1",
                                    "type": "Splitter"
                                }
                            ],
                            "config": {
                                "defaultLabel": "Alert Information",
                                "showToolbar": true
                            },
                            "id": "dcard_alert_data_tab",
                            "type": "Tab"
                        },
                        {
                            "childComponents": [
                                {
                                    "configID": "alerts_default",
                                    "type": "RelatedAlerts"
                                }
                            ],
                            "config": {
                                "defaultLabel": "Related Alert Information",
                                "showToolbar": true
                            },
                            "id": "dcard_rel_alert_data_tab",
                            "type": "Tab"
                        }
                    ],
                    "config": {
                        "showToolbar": true
                    },
                    "id": "tabPage",
                    "type": "TabBar",
                    "version": 2
                },
                "entityTypeID": "sfd_debitcard",
                "id": "sfd_debitcard_x_debit_card_fraud",
                "optLockVersion": -1,
                "triageTypeID": "sfd_debit_card_fraud",
                "version": 1
            },
            {
                "definitionData": {
                    "panes": [
                        {
                            "coordinates": [
                                0,
                                0
                            ],
                            "defaultSize": "25%",
                            "links": [
                                {
                                    "href": "/account/data/${contactEntityID}",
                                    "itemType": "account",
                                    "rel": "data"
                                },
                                {
                                    "href": "/account/meta",
                                    "itemType": "account",
                                    "rel": "metadata"
                                }
                            ],
                            "title": "Account"
                        },
                        {
                            "coordinates": [
                                0,
                                1
                            ],
                            "defaultSize": "50%",
                            "links": [
                                {
                                    "href": "/contact/data/${contactEntityID}",
                                    "itemType": "contact",
                                    "rel": "data"
                                },
                                {
                                    "href": "/contact/meta",
                                    "itemType": "contact",
                                    "rel": "metadata"
                                }
                            ],
                            "title": "Contact Information"
                        },
                        {
                            "coordinates": [
                                0,
                                2
                            ],
                            "defaultSize": "25%",
                            "links": [
                                {
                                    "href": "/customer/data/${contactEntityID}",
                                    "itemType": "customer",
                                    "rel": "data"
                                },
                                {
                                    "href": "/customer/meta",
                                    "itemType": "customer",
                                    "rel": "metadata"
                                }
                            ],
                            "title": "Customer"
                        },
                        {
                            "contentConfigId": "sfd_txViewer_card_paymentFraud",
                            "contentType": "table",
                            "coordinates": [
                                1,
                                0
                            ],
                            "title": "Transactions"
                        }
                    ],
                    "splitbarType": "horizontalCollapseUp"
                },
                "entityTypeID": "sfd_debitcard",
                "id": "sfd_debitcard_x_payment_fraud",
                "optLockVersion": -1,
                "triageTypeID": "sfd_payment_fraud",
                "version": 1
            },
            {
                "definitionData": {
                    "childComponents": [
                        {
                            "childComponents": [
                                {
                                    "childComponents": [
                                        {
                                            "childComponents": [
                                                {
                                                    "configID": "ui_contact_info_kvps_in_pane",
                                                    "defaultSize": "33%"
                                                },
                                                {
                                                    "configID": "ui_customer_kvps_in_pane",
                                                    "defaultSize": "33%"
                                                },
                                                {
                                                    "configID": "ui_device_info_kvps_in_pane",
                                                    "defaultSize": "33%"
                                                }
                                            ],
                                            "config": {
                                                "border": false,
                                                "flow": "horizontal",
                                                "padding": false
                                            },
                                            "coordinates": [
                                                0,
                                                0
                                            ],
                                            "id": "alertdetails",
                                            "type": "Pane"
                                        },
                                        {
                                            "configID": "ui_device_txs_with_select_pane",
                                            "coordinates": [
                                                1,
                                                0
                                            ]
                                        }
                                    ],
                                    "config": {
                                        "splitbarType": "horizontalCollapseUp"
                                    },
                                    "id": "top_of_tab_1",
                                    "type": "Splitter"
                                }
                            ],
                            "config": {
                                "defaultLabel": "Alert Information",
                                "showToolbar": true
                            },
                            "id": "dev_alert_data_tab",
                            "type": "Tab"
                        },
                        {
                            "childComponents": [
                                {
                                    "configID": "alerts_default",
                                    "type": "RelatedAlerts"
                                }
                            ],
                            "config": {
                                "defaultLabel": "Related Alert Information",
                                "showToolbar": true
                            },
                            "id": "dacc_rel_alert_data_tab",
                            "type": "Tab"
                        }
                    ],
                    "config": {
                        "showToolbar": true
                    },
                    "id": "tabPage",
                    "type": "TabBar",
                    "version": 2
                },
                "entityTypeID": "sfd_device",
                "id": "sfd_device_x_payment_fraud",
                "optLockVersion": -1,
                "triageTypeID": "sfd_payment_fraud",
                "version": 1
            },
            {
                "definitionData": {
                    "panes": [
                        {
                            "coordinates": [
                                0,
                                0
                            ],
                            "defaultSize": "50%",
                            "links": [
                                {
                                    "href": "/account/data/${contactEntityID}",
                                    "itemType": "account",
                                    "rel": "data"
                                },
                                {
                                    "href": "/account/meta",
                                    "itemType": "account",
                                    "rel": "metadata"
                                }
                            ],
                            "title": "Account"
                        },
                        {
                            "coordinates": [
                                0,
                                1
                            ],
                            "defaultSize": "50%",
                            "links": [
                                {
                                    "href": "/customer/data/${contactEntityID}",
                                    "itemType": "customer",
                                    "rel": "data"
                                },
                                {
                                    "href": "/customer/meta",
                                    "itemType": "customer",
                                    "rel": "metadata"
                                }
                            ],
                            "title": "Customer"
                        },
                        {
                            "contentConfigId": "sfd_txViewer_card_paymentFraud",
                            "contentType": "table",
                            "coordinates": [
                                1,
                                0
                            ],
                            "title": "Transactions"
                        }
                    ],
                    "splitbarType": "horizontalCollapseUp"
                },
                "entityTypeID": "sfd_merchant",
                "id": "sfd_merchant_x_payment_fraud",
                "optLockVersion": -1,
                "triageTypeID": "sfd_payment_fraud",
                "version": 1
            },
            {
                "definitionData": {
                    "panes": [
                        {
                            "coordinates": [
                                0,
                                0
                            ],
                            "defaultSize": "50%",
                            "links": [
                                {
                                    "href": "/account/data/${contactEntityID}",
                                    "itemType": "account",
                                    "rel": "data"
                                },
                                {
                                    "href": "/account/meta",
                                    "itemType": "account",
                                    "rel": "metadata"
                                }
                            ],
                            "title": "Account"
                        },
                        {
                            "coordinates": [
                                0,
                                1
                            ],
                            "defaultSize": "50%",
                            "links": [
                                {
                                    "href": "/customer/data/${contactEntityID}",
                                    "itemType": "customer",
                                    "rel": "data"
                                },
                                {
                                    "href": "/customer/meta",
                                    "itemType": "customer",
                                    "rel": "metadata"
                                }
                            ],
                            "title": "Customer"
                        },
                        {
                            "contentConfigId": "sfd_txViewer_card_paymentFraud",
                            "contentType": "table",
                            "coordinates": [
                                1,
                                0
                            ],
                            "title": "Transactions"
                        }
                    ],
                    "splitbarType": "horizontalCollapseUp"
                },
                "entityTypeID": "sfd_merchant",
                "id": "sfd_merchant_x_vip_payment_fraud",
                "optLockVersion": -1,
                "triageTypeID": "sfd_vip_payment_fraud",
                "version": 1
            }
        ]
    ]
}