{
    "post": "/alerts/queues",
    "contentType": "application/vnd.sas.collection.triage.queue+json",
    "body": [
        [
            {
                "alertMaxDurationInQueue": 8760,
                "defaultFlag": false,
                "domainID": "sfd_payment_fraud",
                "groupID": "Fraud_Decisioning_Alert_Queues",
                "id": "sfd_debit_card_not_present",
                "localizedName": "Card Not Present",
                "name": "Card Not Present",
                "optLockVersion": -1,
                "reactivationEnabled": false,
                "routingEnabled": true,
                "routingPriority": 1,
                "routingRule": "enrichmentData.sfd_dec_outcome_enrch!=10\u0026\u0026alertType=='sfd_debitcard'\u0026\u0026enrichmentData.sfd_cf_cardPresInd_enrch=='1'",
                "serviceEnabled": true,
                "servicePriority": 1,
                "serviceSortFieldOrder": "creationTimeStamp:ascending",
                "stickyFlag": false,
                "triageTypeID": "sfd_debit_card_fraud",
                "version": 1
            },
            {
                "alertMaxDurationInQueue": 8760,
                "defaultFlag": false,
                "domainID": "sfd_payment_fraud",
                "groupID": "Fraud_Decisioning_Alert_Queues",
                "id": "sfd_credit_card_not_present",
                "localizedName": "Card Not Present",
                "name": "Card Not Present",
                "optLockVersion": -1,
                "reactivationEnabled": false,
                "routingEnabled": true,
                "routingPriority": 3,
                "routingRule": "enrichmentData.sfd_dec_outcome_enrch!=10\u0026\u0026alertType=='sfd_creditcard'\u0026\u0026enrichmentData.sfd_cf_cardPresInd_enrch=='1'",
                "serviceEnabled": true,
                "servicePriority": 1,
                "serviceSortFieldOrder": "creationTimeStamp:ascending",
                "stickyFlag": false,
                "triageTypeID": "sfd_credit_card_fraud",
                "version": 1
            },
            {
                "alertMaxDurationInQueue": 8760,
                "defaultFlag": false,
                "domainID": "sfd_payment_fraud",
                "groupID": "Fraud_Decisioning_Alert_Queues",
                "id": "sfd_credit_card_present",
                "localizedName": "Card Present",
                "name": "Card Present",
                "optLockVersion": -1,
                "reactivationEnabled": false,
                "routingEnabled": true,
                "routingPriority": 4,
                "routingRule": "enrichmentData.sfd_dec_outcome_enrch!=10\u0026\u0026alertType=='sfd_creditcard'\u0026\u0026enrichmentData.sfd_cf_cardPresInd_enrch=='0'",
                "serviceEnabled": true,
                "servicePriority": 2,
                "serviceSortFieldOrder": "creationTimeStamp:ascending",
                "stickyFlag": false,
                "triageTypeID": "sfd_credit_card_fraud",
                "version": 1
            },
            {
                "alertMaxDurationInQueue": 8760,
                "defaultFlag": false,
                "domainID": "sfd_payment_fraud",
                "groupID": "Fraud_Decisioning_Alert_Queues",
                "id": "sfd_debit_card_present",
                "localizedName": "Card Present",
                "name": "Card Present",
                "optLockVersion": -1,
                "reactivationEnabled": false,
                "routingEnabled": true,
                "routingPriority": 2,
                "routingRule": "enrichmentData.sfd_dec_outcome_enrch!=10\u0026\u0026alertType=='sfd_debitcard'\u0026\u0026enrichmentData.sfd_cf_cardPresInd_enrch=='0'",
                "serviceEnabled": true,
                "servicePriority": 2,
                "serviceSortFieldOrder": "creationTimeStamp:ascending",
                "stickyFlag": false,
                "triageTypeID": "sfd_debit_card_fraud",
                "version": 1
            },
            {
                "alertMaxDurationInQueue": 8760,
                "defaultFlag": true,
                "domainID": "domain_default",
                "groupID": "SASTriageUsers",
                "id": "queue_default",
                "localizedName": "Default Queue",
                "name": "Default Queue",
                "optLockVersion": -1,
                "reactivationEnabled": false,
                "routingEnabled": true,
                "routingPriority": 32767,
                "serviceEnabled": true,
                "servicePriority": 32767,
                "serviceSortFieldOrder": "creationTimeStamp:ascending",
                "stickyFlag": false,
                "triageTypeID": "triage_type_default",
                "version": 1
            },
            {
                "alertMaxDurationInQueue": 8760,
                "defaultFlag": false,
                "domainID": "sfd_payment_fraud",
                "groupID": "Fraud_Decisioning_Alert_Queues",
                "id": "sfd_high_payment_fraud",
                "localizedName": "High Value",
                "name": "High Value",
                "optLockVersion": -1,
                "reactivationEnabled": false,
                "routingEnabled": true,
                "routingPriority": 6,
                "routingRule": "enrichmentData.sfd_dec_outcome_enrch!=10\u0026\u0026alertType=='sfd_debitacc'\u0026\u0026enrichmentData.sfd_cf_usdAmt_enrch \u003e 1000",
                "serviceEnabled": true,
                "servicePriority": 1,
                "serviceSortFieldOrder": "creationTimeStamp:ascending",
                "stickyFlag": false,
                "triageTypeID": "sfd_payment_fraud",
                "version": 1
            },
            {
                "alertMaxDurationInQueue": 8760,
                "defaultFlag": false,
                "domainID": "sfd_payment_fraud",
                "groupID": "Fraud_Decisioning_Alert_Queues",
                "id": "sfd_vip_payment_fraud",
                "localizedName": "High Value",
                "name": "High Value",
                "optLockVersion": -1,
                "reactivationEnabled": false,
                "routingEnabled": true,
                "routingPriority": 5,
                "routingRule": "enrichmentData.sfd_dec_outcome_enrch!=10\u0026\u0026alertType=='sfd_debitacc'\u0026\u0026enrichmentData.sfd_cst_type_enrch=='VIP'",
                "serviceEnabled": true,
                "servicePriority": 2,
                "serviceSortFieldOrder": "creationTimeStamp:ascending",
                "stickyFlag": false,
                "triageTypeID": "sfd_vip_payment_fraud",
                "version": 1
            },
            {
                "alertMaxDurationInQueue": 24,
                "defaultFlag": false,
                "domainID": "sfd_payment_fraud",
                "groupID": "Fraud_Decisioning_Users_Triage_Payment_Fraud",
                "id": "sfd_high_other_payment_fraud",
                "localizedName": "High Value - Others",
                "name": "High Value - Others",
                "optLockVersion": -1,
                "reactivationEnabled": false,
                "routingEnabled": true,
                "routingPriority": 32766,
                "serviceEnabled": true,
                "servicePriority": 32766,
                "serviceSortFieldOrder": "creationTimeStamp:ascending",
                "stickyFlag": false,
                "triageTypeID": "sfd_payment_fraud",
                "version": 1
            },
            {
                "alertMaxDurationInQueue": 24,
                "defaultFlag": true,
                "domainID": "sfd_merchant_fraud",
                "id": "sfd_merchant_fraud",
                "localizedName": "Merchant Fraud",
                "name": "Merchant Fraud",
                "optLockVersion": -1,
                "reactivationEnabled": false,
                "routingEnabled": true,
                "routingPriority": 32767,
                "serviceEnabled": false,
                "servicePriority": 32767,
                "serviceSortFieldOrder": "creationTimeStamp:ascending",
                "stickyFlag": false,
                "triageTypeID": "sfd_merchant_fraud",
                "version": 1
            },
            {
                "alertMaxDurationInQueue": 8760,
                "defaultFlag": false,
                "domainID": "sfd_merchant_fraud",
                "groupID": "Fraud_Decisioning_Alert_Queues",
                "id": "sfd_merchant_aq_queue",
                "localizedName": "Merchant Queue",
                "name": "Merchant Queue",
                "optLockVersion": -1,
                "reactivationEnabled": false,
                "routingEnabled": true,
                "routingPriority": 1,
                "routingRule": "alertType=='sfd_merchant'",
                "serviceEnabled": false,
                "servicePriority": 1,
                "serviceSortFieldOrder": "creationTimeStamp:ascending",
                "stickyFlag": false,
                "triageTypeID": "sfd_merchant_aq_fraud",
                "version": 1
            },
            {
                "alertMaxDurationInQueue": 8760,
                "defaultFlag": true,
                "domainID": "sfd_payment_fraud",
                "groupID": "Fraud_Decisioning_Alert_Queues",
                "id": "sfd_payment_fraud",
                "localizedName": "Payment Fraud",
                "name": "Payment Fraud",
                "optLockVersion": -1,
                "reactivationEnabled": false,
                "routingEnabled": true,
                "routingPriority": 32767,
                "serviceEnabled": false,
                "servicePriority": 32767,
                "serviceSortFieldOrder": "creationTimeStamp:ascending",
                "stickyFlag": false,
                "triageTypeID": "sfd_payment_fraud",
                "version": 1
            }
        ]
    ]
}