{
    "post": "/alerts/componentDefinitions",
    "contentType": "application/vnd.sas.collection.triage.component.definition+json",
    "body": [
        [
            {
                "definitionData": {
                    "childComponents": [
                        {
                            "config": {
                                "columns": [
                                    {
                                        "field": "transaction_data.firedFlg",
                                        "filter": true,
                                        "headerName": "Rule Fired?",
                                        "hide": false,
                                        "sortable": true
                                    },
                                    {
                                        "field": "transaction_data.alertFlg",
                                        "filter": true,
                                        "headerName": "Rule Alerted?",
                                        "hide": false,
                                        "sortable": true
                                    },
                                    {
                                        "field": "transaction_data.referenceIdentifier",
                                        "filter": true,
                                        "headerName": "Rule Ref ID",
                                        "hide": false,
                                        "sortable": true
                                    },
                                    {
                                        "field": "transaction_data.ruleIdentifier",
                                        "filter": true,
                                        "headerName": "Rule ID",
                                        "hide": true,
                                        "sortable": true
                                    },
                                    {
                                        "field": "transaction_data.name",
                                        "filter": true,
                                        "headerName": "Rule Name",
                                        "hide": false,
                                        "sortable": true
                                    },
                                    {
                                        "field": "transaction_data.description",
                                        "filter": true,
                                        "headerName": "Rule Description",
                                        "hide": false,
                                        "sortable": true
                                    },
                                    {
                                        "field": "transaction_data.outcomeEntity",
                                        "filter": true,
                                        "headerName": "Outcome Entity",
                                        "hide": true,
                                        "sortable": true
                                    },
                                    {
                                        "field": "transaction_data.outcomeEntityType",
                                        "filter": true,
                                        "headerName": "Outcome Entity Type",
                                        "hide": true,
                                        "sortable": true
                                    }
                                ],
                                "defaultMsgSingleSelection": "Make a single selection from the table above.",
                                "numCols": 5,
                                "useServerSideDatasource": false
                            },
                            "datasources": [
                                {
                                    "externalUri": "/alert/rulesFired/${@component.sfd_txViewer_creditcard.singleSelection.transactionID}?transactionTypeID=${@component.sfd_txViewer_creditcard.singleSelection.transactionTypeID}",
                                    "id": "transaction_data",
                                    "path": "rulefired"
                                }
                            ],
                            "id": "sfd_rulesFired_table",
                            "type": "Table"
                        }
                    ],
                    "config": {
                        "border": false,
                        "collapsible": false,
                        "defaultLabel": "Decisioning Rules"
                    },
                    "type": "Pane"
                },
                "id": "cc_sfd_rulesFired_pane",
                "optLockVersion": -1,
                "version": 1
            },
            {
                "definitionData": {
                    "childComponents": [
                        {
                            "config": {
                                "columns": [
                                    {
                                        "field": "transaction_data.referenceIdentifier",
                                        "filter": true,
                                        "headerName": "Rule Ref ID",
                                        "hide": false,
                                        "sortable": true
                                    },
                                    {
                                        "field": "transaction_data.ruleIdentifier",
                                        "filter": true,
                                        "headerName": "Rule ID",
                                        "hide": true,
                                        "sortable": true
                                    },
                                    {
                                        "field": "transaction_data.alertFlg",
                                        "filter": true,
                                        "headerName": "Rule Alerted?",
                                        "hide": false,
                                        "sortable": true
                                    },
                                    {
                                        "field": "transaction_data.name",
                                        "filter": true,
                                        "headerName": "Rule Name",
                                        "hide": false,
                                        "sortable": true
                                    },
                                    {
                                        "field": "transaction_data.description",
                                        "filter": true,
                                        "headerName": "Rule Description",
                                        "hide": false,
                                        "sortable": true
                                    },
                                    {
                                        "field": "transaction_data.firedFlg",
                                        "filter": true,
                                        "headerName": "Rule Fired?",
                                        "hide": false,
                                        "sortable": true
                                    },
                                    {
                                        "field": "transaction_data.outcomeEntity",
                                        "filter": true,
                                        "headerName": "Outcome Entity",
                                        "hide": true,
                                        "sortable": true
                                    },
                                    {
                                        "field": "transaction_data.outcomeEntityType",
                                        "filter": true,
                                        "headerName": "Outcome Entity Type",
                                        "hide": true,
                                        "sortable": true
                                    }
                                ],
                                "defaultMsgSingleSelection": "Make a single selection from the table above.",
                                "numCols": 5,
                                "useServerSideDatasource": false
                            },
                            "datasources": [
                                {
                                    "externalUri": "/alert/rulesFired/${@component.sfd_txViewer_customer_paymentFraud.singleSelection.transactionID}?transactionTypeID=${@component.sfd_txViewer_customer_paymentFraud.singleSelection.transactionTypeID}",
                                    "id": "transaction_data",
                                    "path": "rulefired"
                                }
                            ],
                            "id": "sfd_rulesFired_table",
                            "type": "Table"
                        }
                    ],
                    "config": {
                        "border": false,
                        "collapsible": false,
                        "defaultLabel": "Decisioning Rules"
                    },
                    "type": "Pane"
                },
                "id": "cust_sfd_rulesFired_pane",
                "optLockVersion": -1,
                "version": 1
            },
            {
                "definitionData": {
                    "childComponents": [
                        {
                            "config": {
                                "columns": [
                                    {
                                        "field": "transaction_data.referenceIdentifier",
                                        "filter": true,
                                        "headerName": "Rule Ref ID",
                                        "hide": false,
                                        "sortable": true
                                    },
                                    {
                                        "field": "transaction_data.ruleIdentifier",
                                        "filter": true,
                                        "headerName": "Rule ID",
                                        "hide": false,
                                        "sortable": true
                                    },
                                    {
                                        "field": "transaction_data.alertFlg",
                                        "filter": true,
                                        "headerName": "Rule Alerted?",
                                        "hide": false,
                                        "sortable": true
                                    },
                                    {
                                        "field": "transaction_data.name",
                                        "filter": true,
                                        "headerName": "Rule Name",
                                        "hide": false,
                                        "sortable": true
                                    },
                                    {
                                        "field": "transaction_data.description",
                                        "filter": true,
                                        "headerName": "Rule Description",
                                        "hide": false,
                                        "sortable": true
                                    },
                                    {
                                        "field": "transaction_data.firedFlg",
                                        "filter": true,
                                        "headerName": "Rule Fired?",
                                        "hide": false,
                                        "sortable": true
                                    },
                                    {
                                        "field": "transaction_data.outcomeEntity",
                                        "filter": true,
                                        "headerName": "Outcome Entity",
                                        "hide": false,
                                        "sortable": true
                                    },
                                    {
                                        "field": "transaction_data.outcomeEntityType",
                                        "filter": true,
                                        "headerName": "Outcome Entity Type",
                                        "hide": false,
                                        "sortable": true
                                    }
                                ],
                                "defaultMsgSingleSelection": "Make a single selection from the table above.",
                                "numCols": 5,
                                "useServerSideDatasource": false
                            },
                            "datasources": [
                                {
                                    "externalUri": "/alert/rulesFired/${@component.sfd_txViewer_card_paymentFraud.singleSelection.transactionID}?transactionTypeID=${@component.sfd_txViewer_card_paymentFraud.singleSelection.transactionTypeID}",
                                    "id": "transaction_data",
                                    "path": "rulefired"
                                }
                            ],
                            "id": "sfd_rulesFired_table",
                            "type": "Table"
                        }
                    ],
                    "config": {
                        "border": false,
                        "collapsible": false,
                        "defaultLabel": "Decisioning Rules"
                    },
                    "type": "Pane"
                },
                "id": "dacc_sfd_rulesFired_pane",
                "optLockVersion": -1,
                "version": 1
            },
            {
                "definitionData": {
                    "childComponents": [
                        {
                            "config": {
                                "columns": [
                                    {
                                        "field": "transaction_data.firedFlg",
                                        "filter": true,
                                        "headerName": "Rule Fired?",
                                        "hide": false,
                                        "sortable": true
                                    },
                                    {
                                        "field": "transaction_data.alertFlg",
                                        "filter": true,
                                        "headerName": "Rule Alerted?",
                                        "hide": false,
                                        "sortable": true
                                    },
                                    {
                                        "field": "transaction_data.referenceIdentifier",
                                        "filter": true,
                                        "headerName": "Rule Ref ID",
                                        "hide": false,
                                        "sortable": true
                                    },
                                    {
                                        "field": "transaction_data.ruleIdentifier",
                                        "filter": true,
                                        "headerName": "Rule ID",
                                        "hide": true,
                                        "sortable": true
                                    },
                                    {
                                        "field": "transaction_data.name",
                                        "filter": true,
                                        "headerName": "Rule Name",
                                        "hide": false,
                                        "sortable": true
                                    },
                                    {
                                        "field": "transaction_data.description",
                                        "filter": true,
                                        "headerName": "Rule Description",
                                        "hide": false,
                                        "sortable": true
                                    },
                                    {
                                        "field": "transaction_data.outcomeEntity",
                                        "filter": true,
                                        "headerName": "Outcome Entity",
                                        "hide": true,
                                        "sortable": true
                                    },
                                    {
                                        "field": "transaction_data.outcomeEntityType",
                                        "filter": true,
                                        "headerName": "Outcome Entity Type",
                                        "hide": true,
                                        "sortable": true
                                    }
                                ],
                                "defaultMsgSingleSelection": "Make a single selection from the table above.",
                                "numCols": 5,
                                "useServerSideDatasource": false
                            },
                            "datasources": [
                                {
                                    "externalUri": "/alert/rulesFired/${@component.sfd_txViewer_debitcard.singleSelection.transactionID}?transactionTypeID=${@component.sfd_txViewer_debitcard.singleSelection.transactionTypeID}",
                                    "id": "transaction_data",
                                    "path": "rulefired"
                                }
                            ],
                            "id": "sfd_rulesFired_table",
                            "type": "Table"
                        }
                    ],
                    "config": {
                        "border": false,
                        "collapsible": false,
                        "defaultLabel": "Decisioning Rules"
                    },
                    "type": "Pane"
                },
                "id": "dc_sfd_rulesFired_pane",
                "optLockVersion": -1,
                "version": 1
            },
            {
                "definitionData": {
                    "childComponents": [
                        {
                            "config": {
                                "columns": [
                                    {
                                        "field": "transaction_data.firedFlg",
                                        "filter": true,
                                        "headerName": "Rule Fired?",
                                        "hide": false,
                                        "sortable": true
                                    },
                                    {
                                        "field": "transaction_data.alertFlg",
                                        "filter": true,
                                        "headerName": "Rule Alerted?",
                                        "hide": false,
                                        "sortable": true
                                    },
                                    {
                                        "field": "transaction_data.referenceIdentifier",
                                        "filter": true,
                                        "headerName": "Rule Ref ID",
                                        "hide": false,
                                        "sortable": true
                                    },
                                    {
                                        "field": "transaction_data.ruleIdentifier",
                                        "filter": true,
                                        "headerName": "Rule ID",
                                        "hide": true,
                                        "sortable": true
                                    },
                                    {
                                        "field": "transaction_data.name",
                                        "filter": true,
                                        "headerName": "Rule Name",
                                        "hide": false,
                                        "sortable": true
                                    },
                                    {
                                        "field": "transaction_data.description",
                                        "filter": true,
                                        "headerName": "Rule Description",
                                        "hide": false,
                                        "sortable": true
                                    },
                                    {
                                        "field": "transaction_data.outcomeEntity",
                                        "filter": true,
                                        "headerName": "Outcome Entity",
                                        "hide": true,
                                        "sortable": true
                                    },
                                    {
                                        "field": "transaction_data.outcomeEntityType",
                                        "filter": true,
                                        "headerName": "Outcome Entity Type",
                                        "hide": true,
                                        "sortable": true
                                    }
                                ],
                                "defaultMsgSingleSelection": "Make a single selection from the table above.",
                                "numCols": 5,
                                "useServerSideDatasource": false
                            },
                            "datasources": [
                                {
                                    "externalUri": "/alert/rulesFired/${@component.sfd_txViewer_device.singleSelection.transactionID}?transactionTypeID=${@component.sfd_txViewer_device.singleSelection.transactionTypeID}",
                                    "id": "transaction_data",
                                    "path": "rulefired"
                                }
                            ],
                            "id": "sfd_rulesFired_table",
                            "type": "Table"
                        }
                    ],
                    "config": {
                        "border": false,
                        "collapsible": false,
                        "defaultLabel": "Decisioning Rules"
                    },
                    "type": "Pane"
                },
                "id": "dev_sfd_rulesFired_pane",
                "optLockVersion": -1,
                "version": 1
            },
            {
                "definitionData": {
                    "childComponents": [
                        {
                            "config": {
                                "fields": [
                                    {
                                        "defaultLabel": "Account",
                                        "field": "sfd_account_data.account_type",
                                        "type": "string"
                                    },
                                    {
                                        "defaultLabel": "Number",
                                        "field": "sfd_account_data.account_number",
                                        "type": "string"
                                    },
                                    {
                                        "defaultLabel": "Activated",
                                        "field": "sfd_account_data.activated_date",
                                        "type": "string"
                                    },
                                    {
                                        "defaultLabel": "Opened",
                                        "field": "sfd_account_data.opened_date",
                                        "type": "string"
                                    },
                                    {
                                        "defaultLabel": "Joint Accounts",
                                        "field": "sfd_account_data.joint_acct_num",
                                        "type": "string"
                                    },
                                    {
                                        "defaultLabel": "Merchant Name",
                                        "field": "sfd_account_data.merchant_name",
                                        "type": "string"
                                    },
                                    {
                                        "defaultLabel": "Unique Identifier",
                                        "field": "sfd_account_data.unique_identifier",
                                        "type": "string"
                                    },
                                    {
                                        "defaultLabel": "Payment Channel",
                                        "field": "sfd_account_data.payment_channel",
                                        "type": "string"
                                    },
                                    {
                                        "defaultLabel": "Tap Card or Inserted SIM",
                                        "field": "sfd_account_data.tap_or_inserted_sim",
                                        "type": "string"
                                    }
                                ],
                                "numCols": 2
                            },
                            "datasources": [
                                {
                                    "externalUri": "/account/data/${contactEntityID}",
                                    "id": "sfd_account_data"
                                }
                            ],
                            "id": "sfd_account_kvps",
                            "type": "EqualColumns"
                        }
                    ],
                    "config": {
                        "collapsible": false,
                        "defaultLabel": "Account Information"
                    },
                    "type": "Pane"
                },
                "id": "sfd_account_pane",
                "optLockVersion": -1,
                "version": 1
            },
            {
                "definitionData": {
                    "childComponents": [
                        {
                            "config": {
                                "fields": [
                                    {
                                        "defaultLabel": "Provider",
                                        "field": "sfd_contact_data.provider",
                                        "type": "string"
                                    },
                                    {
                                        "defaultLabel": "Name",
                                        "field": "sfd_contact_data.contact_full_name",
                                        "type": "string"
                                    },
                                    {
                                        "defaultLabel": "Date of Birth",
                                        "field": "sfd_contact_data.dob",
                                        "type": "string"
                                    },
                                    {
                                        "defaultLabel": "Social Security Number",
                                        "field": "sfd_contact_data.ssn",
                                        "type": "string"
                                    },
                                    {
                                        "defaultLabel": "Credit Score",
                                        "field": "sfd_contact_data.credit_score",
                                        "type": "string"
                                    },
                                    {
                                        "defaultLabel": "City",
                                        "field": "sfd_contact_data.city",
                                        "type": "string"
                                    },
                                    {
                                        "defaultLabel": "State/Province",
                                        "field": "sfd_contact_data.state",
                                        "type": "string"
                                    },
                                    {
                                        "defaultLabel": "Street Address",
                                        "field": "sfd_contact_data.street_address",
                                        "type": "string"
                                    },
                                    {
                                        "defaultLabel": "Email Address",
                                        "field": "sfd_contact_data.email",
                                        "type": "string"
                                    },
                                    {
                                        "defaultLabel": "Phone",
                                        "field": "sfd_contact_data.phone",
                                        "type": "string"
                                    }
                                ],
                                "numCols": 2
                            },
                            "datasources": [
                                {
                                    "externalUri": "/contact/data/${contactEntityID}",
                                    "id": "sfd_contact_data"
                                }
                            ],
                            "id": "sfd_contact_kvps",
                            "type": "EqualColumns"
                        }
                    ],
                    "config": {
                        "collapsible": false,
                        "defaultLabel": "Contact Information"
                    },
                    "type": "Pane"
                },
                "id": "sfd_contact_pane",
                "optLockVersion": -1,
                "version": 1
            },
            {
                "definitionData": {
                    "childComponents": [
                        {
                            "config": {
                                "fields": [
                                    {
                                        "defaultLabel": "Joint Account Holder Names",
                                        "field": "sfd_customer_data.joint_holder_names",
                                        "type": "string"
                                    },
                                    {
                                        "defaultLabel": "Primary Account Holder Bank Name",
                                        "field": "sfd_customer_data.primary_holder_bank_name",
                                        "type": "string"
                                    }
                                ],
                                "numCols": 2
                            },
                            "datasources": [
                                {
                                    "externalUri": "/customer/data/${contactEntityID}",
                                    "id": "sfd_customer_data"
                                }
                            ],
                            "id": "sfd_customer_kvps",
                            "type": "EqualColumns"
                        }
                    ],
                    "config": {
                        "collapsible": false,
                        "defaultLabel": "Customer Information"
                    },
                    "type": "Pane"
                },
                "id": "sfd_customer_pane",
                "optLockVersion": -1,
                "version": 1
            },
            {
                "definitionData": {
                    "childComponents": [
                        {
                            "configID": "sfd_txViewer_card_paymentFraud",
                            "type": "Transactions"
                        }
                    ],
                    "type": "Pane"
                },
                "id": "sfd_txViewer_card_paymentFraud_pane",
                "optLockVersion": -1,
                "version": 1
            },
            {
                "definitionData": {
                    "childComponents": [
                        {
                            "configID": "sfd_txViewer_creditcard",
                            "type": "Transactions"
                        }
                    ],
                    "type": "Pane"
                },
                "id": "sfd_txViewer_creditcard_pane",
                "optLockVersion": -1,
                "version": 1
            },
            {
                "definitionData": {
                    "childComponents": [
                        {
                            "configID": "sfd_txViewer_debitcard",
                            "type": "Transactions"
                        }
                    ],
                    "type": "Pane"
                },
                "id": "sfd_txViewer_debitcard_pane",
                "optLockVersion": -1,
                "version": 1
            },
            {
                "definitionData": {
                    "childComponents": [
                        {
                            "config": {
                                "fields": [
                                    {
                                        "defaultLabel": "Acount Number",
                                        "field": "account_data.account_number"
                                    },
                                    {
                                        "defaultLabel": "Account Type",
                                        "field": "account_data.account_type"
                                    },
                                    {
                                        "defaultLabel": "Account Status",
                                        "field": "account_data.account_status"
                                    },
                                    {
                                        "defaultLabel": "Balance",
                                        "field": "account_data.balance"
                                    },
                                    {
                                        "defaultLabel": "Open Date",
                                        "field": "account_data.open_date"
                                    },
                                    {
                                        "defaultLabel": "Currency",
                                        "field": "account_data.currency"
                                    },
                                    {
                                        "defaultLabel": "Branch ID",
                                        "field": "account_data.branch_id"
                                    }
                                ],
                                "numCols": 3
                            },
                            "datasources": [
                                {
                                    "externalUri": "/account/data/${contactEntityID}",
                                    "id": "account_data"
                                }
                            ],
                            "id": "ui_account_kvps",
                            "type": "EqualColumns"
                        }
                    ],
                    "config": {
                        "defaultLabel": "Account"
                    },
                    "type": "Pane"
                },
                "id": "ui_account_kvps_in_pane",
                "optLockVersion": -1,
                "version": 1
            },
            {
                "definitionData": {
                    "childComponents": [
                        {
                            "config": {
                                "fields": [
                                    {
                                        "defaultLabel": "Landline",
                                        "field": "contact_data.phone"
                                    },
                                    {
                                        "defaultLabel": "Mobile",
                                        "field": "contact_data.cell_phone"
                                    },
                                    {
                                        "defaultLabel": "Email",
                                        "field": "contact_data.email"
                                    },
                                    {
                                        "defaultLabel": "Address",
                                        "field": "contact_data.street_address"
                                    },
                                    {
                                        "defaultLabel": "City",
                                        "field": "contact_data.city",
                                        "type": "number"
                                    },
                                    {
                                        "defaultLabel": "State",
                                        "field": "contact_data.state"
                                    },
                                    {
                                        "defaultLabel": "Country",
                                        "field": "contact_data.country",
                                        "referenceListID": "country-iso3"
                                    }
                                ],
                                "numCols": 3
                            },
                            "datasources": [
                                {
                                    "externalUri": "/contact/data/${contactEntityID}",
                                    "id": "contact_data"
                                }
                            ],
                            "id": "ui_contact_info_kvps",
                            "type": "EqualColumns"
                        }
                    ],
                    "config": {
                        "defaultLabel": "Contact Information"
                    },
                    "type": "Pane"
                },
                "id": "ui_contact_info_kvps_in_pane",
                "optLockVersion": -1,
                "version": 1
            },
            {
                "definitionData": {
                    "childComponents": [
                        {
                            "configID": "sfd_txViewer_creditcard",
                            "defaultSize": "60%",
                            "type": "Transactions"
                        },
                        {
                            "childComponents": [
                                {
                                    "configID": "cc_sfd_rulesFired_pane"
                                }
                            ],
                            "defaultSize": "40%",
                            "id": "selected_transaction_details_pane1",
                            "type": "Pane"
                        }
                    ],
                    "config": {
                        "border": false,
                        "collapsible": false
                    },
                    "type": "Pane"
                },
                "id": "ui_creditcard_txs_with_select_pane",
                "optLockVersion": -1,
                "version": 1
            },
            {
                "definitionData": {
                    "childComponents": [
                        {
                            "config": {
                                "fields": [
                                    {
                                        "defaultLabel": "ID",
                                        "field": "customer_data.customer_number"
                                    },
                                    {
                                        "defaultLabel": "First Name",
                                        "field": "customer_data.first_name"
                                    },
                                    {
                                        "defaultLabel": "Last Name",
                                        "field": "customer_data.last_name"
                                    },
                                    {
                                        "defaultLabel": "Age",
                                        "field": "customer_data.age"
                                    },
                                    {
                                        "defaultLabel": "Gender",
                                        "field": "customer_data.gender"
                                    },
                                    {
                                        "defaultLabel": "Nationality",
                                        "field": "customer_data.nationality"
                                    },
                                    {
                                        "defaultLabel": "SSN",
                                        "field": "customer_data.masked_ssn"
                                    }
                                ],
                                "numCols": 3
                            },
                            "datasources": [
                                {
                                    "externalUri": "/customer/data/${contactEntityID}",
                                    "id": "customer_data"
                                }
                            ],
                            "id": "ui_customer_kvps",
                            "type": "EqualColumns"
                        }
                    ],
                    "config": {
                        "defaultLabel": "Customer Information"
                    },
                    "type": "Pane"
                },
                "id": "ui_customer_kvps_in_pane",
                "optLockVersion": -1,
                "version": 1
            },
            {
                "definitionData": {
                    "childComponents": [
                        {
                            "configID": "sfd_txViewer_customer_paymentFraud",
                            "defaultSize": "60%",
                            "type": "Transactions"
                        },
                        {
                            "childComponents": [
                                {
                                    "configID": "cust_sfd_rulesFired_pane"
                                }
                            ],
                            "defaultSize": "40%",
                            "id": "selected_transaction_details_pane1",
                            "type": "Pane"
                        }
                    ],
                    "config": {
                        "border": false,
                        "collapsible": false
                    },
                    "type": "Pane"
                },
                "id": "ui_customer_txs_with_select_pane",
                "optLockVersion": -1,
                "version": 1
            },
            {
                "definitionData": {
                    "childComponents": [
                        {
                            "configID": "sfd_txViewer_card_paymentFraud",
                            "defaultSize": "60%",
                            "type": "Transactions"
                        },
                        {
                            "childComponents": [
                                {
                                    "configID": "dacc_sfd_rulesFired_pane"
                                }
                            ],
                            "defaultSize": "40%",
                            "id": "selected_transaction_details_pane1",
                            "type": "Pane"
                        }
                    ],
                    "config": {
                        "border": false,
                        "collapsible": false
                    },
                    "type": "Pane"
                },
                "id": "ui_debitacc_txs_with_select_pane",
                "optLockVersion": -1,
                "version": 1
            },
            {
                "definitionData": {
                    "childComponents": [
                        {
                            "config": {
                                "fields": [
                                    {
                                        "defaultLabel": "Summary Score",
                                        "field": "device_data.summary_risk_score",
                                        "referenceListID": "tmx-scores",
                                        "type": "number"
                                    },
                                    {
                                        "defaultLabel": "Device Score",
                                        "field": "device_data.device_score",
                                        "type": "number"
                                    },
                                    {
                                        "defaultLabel": "Digital ID Score",
                                        "field": "device_data.digital_id_trust_score",
                                        "type": "number"
                                    },
                                    {
                                        "defaultLabel": "Policy Score",
                                        "field": "device_data.policy_score",
                                        "type": "number"
                                    },
                                    {
                                        "defaultLabel": "Browser Type",
                                        "field": "device_data.browser"
                                    },
                                    {
                                        "defaultLabel": "Browser Language",
                                        "field": "device_data.browser_language"
                                    },
                                    {
                                        "defaultLabel": "IP",
                                        "field": "device_data.true_ip"
                                    },
                                    {
                                        "defaultLabel": "IP Latitude",
                                        "field": "device_data.dns_ip_latitude"
                                    },
                                    {
                                        "defaultLabel": "IP Longitude",
                                        "field": "device_data.dns_ip_longitude"
                                    }
                                ],
                                "numCols": 3
                            },
                            "datasources": [
                                {
                                    "externalUri": "/device/data/${actionableEntityID}",
                                    "id": "device_data"
                                }
                            ],
                            "id": "ui_device_info_kvps",
                            "type": "EqualColumns"
                        }
                    ],
                    "config": {
                        "defaultLabel": "Device Information"
                    },
                    "type": "Pane"
                },
                "id": "ui_device_info_kvps_in_pane",
                "optLockVersion": -1,
                "version": 1
            },
            {
                "definitionData": {
                    "childComponents": [
                        {
                            "configID": "sfd_txViewer_device",
                            "defaultSize": "60%",
                            "type": "Transactions"
                        },
                        {
                            "childComponents": [
                                {
                                    "configID": "dev_sfd_rulesFired_pane"
                                }
                            ],
                            "defaultSize": "40%",
                            "id": "selected_transaction_details_pane1",
                            "type": "Pane"
                        }
                    ],
                    "config": {
                        "border": false,
                        "collapsible": false
                    },
                    "type": "Pane"
                },
                "id": "ui_device_txs_with_select_pane",
                "optLockVersion": -1,
                "version": 1
            },
            {
                "definitionData": {
                    "childComponents": [
                        {
                            "configID": "sfd_txViewer_debitcard",
                            "defaultSize": "60%",
                            "type": "Transactions"
                        },
                        {
                            "childComponents": [
                                {
                                    "configID": "dc_sfd_rulesFired_pane"
                                }
                            ],
                            "defaultSize": "40%",
                            "id": "selected_transaction_details_pane1",
                            "type": "Pane"
                        }
                    ],
                    "config": {
                        "border": false,
                        "collapsible": false
                    },
                    "type": "Pane"
                },
                "id": "ui_transactions_with_selected_pane",
                "optLockVersion": -1,
                "version": 1
            }
        ]
    ]
}