{
    "post": "/alerts/triageTypes",
    "contentType": "application/vnd.sas.collection.triage.triage.type+json",
    "body": [
        [
            {
                "domainID": "sfd_payment_fraud",
                "groupID": "Fraud_Decisioning_Users_Triage_Card_Fraud",
                "id": "sfd_credit_card_fraud",
                "localizedName": "Credit Card Fraud",
                "name": "Credit Card Fraud",
                "optLockVersion": -1,
                "servicePriority": 2,
                "triageMode": "MANUAL",
                "version": 1
            },
            {
                "domainID": "sfd_payment_fraud",
                "groupID": "Fraud_Decisioning_Users_Triage_Card_Fraud",
                "id": "sfd_debit_card_fraud",
                "localizedName": "Debit Card Fraud",
                "name": "Debit Card Fraud",
                "optLockVersion": -1,
                "servicePriority": 1,
                "triageMode": "MANUAL",
                "version": 1
            },
            {
                "defaultFlag": true,
                "domainID": "domain_default",
                "id": "triage_type_default",
                "localizedName": "Default Triage Type",
                "name": "Default Triage Type",
                "optLockVersion": -1,
                "servicePriority": 32767,
                "triageMode": "MANUAL",
                "version": 1
            },
            {
                "domainID": "sfd_merchant_fraud",
                "id": "sfd_merchant_aq_fraud",
                "localizedName": "Merchant AQ Fraud",
                "name": "Merchant AQ Fraud",
                "optLockVersion": -1,
                "servicePriority": 1,
                "triageMode": "MANUAL",
                "version": 1
            },
            {
                "defaultFlag": true,
                "domainID": "sfd_merchant_fraud",
                "id": "sfd_merchant_fraud",
                "localizedName": "Merchant Fraud",
                "name": "Merchant Fraud",
                "optLockVersion": -1,
                "servicePriority": 32767,
                "version": 1
            },
            {
                "defaultFlag": true,
                "domainID": "sfd_payment_fraud",
                "id": "sfd_payment_fraud",
                "localizedName": "Payment Fraud",
                "name": "Payment Fraud",
                "optLockVersion": -1,
                "servicePriority": 32767,
                "version": 1
            },
            {
                "domainID": "sfd_payment_fraud",
                "groupID": "Fraud_Decisioning_Users_Triage_Payment_Fraud",
                "id": "sfd_vip_payment_fraud",
                "localizedName": "Payment Fraud - VIP",
                "name": "Payment Fraud - VIP",
                "optLockVersion": -1,
                "servicePriority": 3,
                "triageMode": "MANUAL",
                "version": 1
            }
        ]
    ]
}