{
    "post": "/alerts/gridDefinitions",
    "contentType": "application/vnd.sas.collection.triage.grid.definition+json",
    "body": [
        [
            {
                "definitionData": [
                    {
                        "field": "alertType",
                        "headerNameKey": "alertsTable.columns.alertType.header.label",
                        "hide": false
                    },
                    {
                        "field": "status",
                        "filter": false,
                        "headerNameKey": "alertsTable.columns.status.header.label",
                        "hide": false
                    },
                    {
                        "field": "enrichmentData.sfd_sol_origType_enrch",
                        "filter": true,
                        "headerName": "Origination Type",
                        "hide": false,
                        "sortable": true,
                        "type": [
                            "enrichment",
                            "string"
                        ]
                    },
                    {
                        "field": "enrichmentData.sfd_sol_activityType_enrch",
                        "filter": true,
                        "headerName": "Activity Type",
                        "hide": false,
                        "sortable": true,
                        "type": [
                            "enrichment",
                            "string"
                        ]
                    },
                    {
                        "field": "id",
                        "headerNameKey": "alertsTable.columns.id.header.label",
                        "hide": true
                    },
                    {
                        "field": "actionableEntityTypeID",
                        "headerNameKey": "alertsTable.columns.actionableEntityTypeID.header.label",
                        "hide": true
                    },
                    {
                        "field": "actionableEntityLabel",
                        "headerNameKey": "alertsTable.columns.actionableEntityLabel.header.label",
                        "hide": true
                    },
                    {
                        "field": "actionableEntityID",
                        "headerNameKey": "alertsTable.columns.actionableEntityID.header.label",
                        "hide": false
                    },
                    {
                        "field": "contactEntityID",
                        "headerNameKey": "alertsTable.columns.contactEntityID.header.label",
                        "hide": false
                    },
                    {
                        "field": "domainID",
                        "filter": false,
                        "headerNameKey": "alertsTable.columns.domainID.header.label",
                        "hide": false
                    },
                    {
                        "field": "queueID",
                        "filter": false,
                        "headerNameKey": "alertsTable.columns.queueID.header.label",
                        "hide": false
                    },
                    {
                        "field": "alertOrigin",
                        "headerNameKey": "alertsTable.columns.alertOrigin.header.label",
                        "hide": true
                    },
                    {
                        "field": "alertOriginID",
                        "headerNameKey": "alertsTable.columns.alertOriginID.header.label",
                        "hide": true
                    },
                    {
                        "field": "alertTriggerText",
                        "headerNameKey": "alertsTable.columns.alertTriggerText.header.label",
                        "hide": true
                    },
                    {
                        "field": "creationTimeStamp",
                        "headerNameKey": "alertsTable.columns.creationTimeStamp.header.label",
                        "hide": false,
                        "type": "datetime"
                    },
                    {
                        "field": "createdBy",
                        "headerNameKey": "alertsTable.columns.createdBy.header.label",
                        "hide": true
                    },
                    {
                        "field": "modifiedTimeStamp",
                        "headerNameKey": "alertsTable.columns.modifiedTimeStamp.header.label",
                        "hide": false,
                        "initialSort": "desc",
                        "initialSortIndex": 1,
                        "sortable": true,
                        "type": "datetime"
                    },
                    {
                        "field": "modifiedBy",
                        "headerNameKey": "alertsTable.columns.modifiedBy.header.label",
                        "hide": true
                    },
                    {
                        "field": "checkoutTimeStamp",
                        "headerNameKey": "alertsTable.columns.checkoutTimeStamp.header.label",
                        "hide": true,
                        "type": "datetime"
                    },
                    {
                        "field": "checkoutUserID",
                        "headerNameKey": "alertsTable.columns.checkoutUserID.header.label",
                        "hide": true
                    }
                ],
                "gridTypeID": "alerts_default",
                "id": "default_grid",
                "optLockVersion": -1,
                "version": 1
            }
        ]
    ]
}