{
    "post": "/alertsTransaction/transactionGridDefinitionConfig",
    "contentType": "application/vnd.sas.triage.transaction.grid.definition.config+json",
    "body": [
        {
            "defaultDisplayName": "All",
            "displayName": "All",
            "displayNameLocalizationKey": "d075b4fbd15ec47f",
            "id": "sfd_allTx_paymentfraud",
            "optLockVersion": -1,
            "transactionFieldConfigs": [
                {
                    "dataType": "string",
                    "defaultDisplayName": "Orig Type",
                    "displayName": "Orig Type",
                    "displayNameLocalizationKey": "8d7dcef4b9bb095e",
                    "displayOrderVal": 0,
                    "displayWidthVal": 3,
                    "id": "sfd_all_payment_Origin",
                    "isResizable": true,
                    "isSortable": true,
                    "textAlignment": "left",
                    "variablePath": "message.solution.originationType"
                },
                {
                    "dataType": "string",
                    "defaultDisplayName": "Activity Type",
                    "displayName": "Activity Type",
                    "displayNameLocalizationKey": "83f17ab50ab4f8b8",
                    "displayOrderVal": 1,
                    "displayWidthVal": 3,
                    "id": "sfd_all_payment_activity",
                    "isResizable": true,
                    "isSortable": true,
                    "textAlignment": "left",
                    "variablePath": "message.solution.activityType"
                },
                {
                    "dataType": "string",
                    "defaultDisplayName": "Transaction ID",
                    "displayName": "Transaction ID",
                    "displayNameLocalizationKey": "be914cad59906da5",
                    "displayOrderVal": 2,
                    "displayWidthVal": 3,
                    "id": "sfd_all_payment_payid",
                    "isResizable": true,
                    "isSortable": true,
                    "textAlignment": "left",
                    "variablePath": "message.sas.system.transactionIdentifier"
                },
                {
                    "dataType": "dateTime",
                    "defaultDisplayName": "Date \u0026 Time",
                    "defaultSortDirection": "desc",
                    "displayName": "Date \u0026 Time",
                    "displayNameLocalizationKey": "d710904db613e8ad",
                    "displayOrderVal": 4,
                    "displayWidthVal": 3,
                    "id": "sfd_all_payment_dttm",
                    "isResizable": true,
                    "isSortable": true,
                    "textAlignment": "left",
                    "variablePath": "message.solution.messageDtTmUtc"
                },
                {
                    "dataType": "string",
                    "defaultDisplayName": "Currency",
                    "displayName": "Currency",
                    "displayNameLocalizationKey": "dbbce8f9bd20bb7e",
                    "displayOrderVal": 5,
                    "displayWidthVal": 3,
                    "id": "sfd_all_payment_currency",
                    "isResizable": true,
                    "isSortable": true,
                    "textAlignment": "left",
                    "variablePath": "message.payment.creditCurrencyCode"
                },
                {
                    "dataType": "number",
                    "defaultDisplayName": "Amount",
                    "displayName": "Amount",
                    "displayNameLocalizationKey": "0f3283ffe7088ebb",
                    "displayOrderVal": 6,
                    "displayWidthVal": 3,
                    "id": "sfd_all_payment_amt",
                    "isResizable": true,
                    "isSortable": true,
                    "textAlignment": "left",
                    "variablePath": "message.payment.amount"
                },
                {
                    "dataType": "string",
                    "defaultDisplayName": "Type",
                    "displayName": "Type",
                    "displayNameLocalizationKey": "34c150cdfd956e1b",
                    "displayOrderVal": 7,
                    "displayWidthVal": 3,
                    "id": "sfd_all_payment_type",
                    "isResizable": true,
                    "isSortable": true,
                    "textAlignment": "left",
                    "variablePath": "message.payment.type"
                },
                {
                    "dataType": "string",
                    "defaultDisplayName": "Payer Account",
                    "displayName": "Payer Account",
                    "displayNameLocalizationKey": "76cf8c9ef0d5452c",
                    "displayOrderVal": 8,
                    "displayWidthVal": 3,
                    "id": "sfd_all_payment_acc",
                    "isResizable": true,
                    "isSortable": true,
                    "textAlignment": "left",
                    "variablePath": "message.debitaccount.number"
                },
                {
                    "dataType": "string",
                    "defaultDisplayName": "Payer Customer ID",
                    "displayName": "Payer Customer ID",
                    "displayNameLocalizationKey": "b70ca43f5921ed9c",
                    "displayOrderVal": 9,
                    "displayWidthVal": 3,
                    "id": "sfd_all_payment_cust",
                    "isResizable": true,
                    "isSortable": true,
                    "textAlignment": "left",
                    "variablePath": "message.debitaccount.customer.identifier"
                },
                {
                    "dataType": "string",
                    "defaultDisplayName": "Payer Name",
                    "displayName": "Payer Name",
                    "displayNameLocalizationKey": "dd42d010d2e22473",
                    "displayOrderVal": 10,
                    "displayWidthVal": 3,
                    "id": "sfd_all_payment_name",
                    "isResizable": true,
                    "isSortable": true,
                    "textAlignment": "left",
                    "variablePath": "message.debitaccount.customer.name"
                },
                {
                    "dataType": "string",
                    "defaultDisplayName": "Payer Bank",
                    "displayName": "Payer Bank",
                    "displayNameLocalizationKey": "c8b5b348b79ff7c2",
                    "displayOrderVal": 11,
                    "displayWidthVal": 3,
                    "id": "sfd_all_payment_bank",
                    "isResizable": true,
                    "isSortable": true,
                    "textAlignment": "left",
                    "variablePath": "message.debitaccount.bankname"
                },
                {
                    "dataType": "string",
                    "defaultDisplayName": "Beneficiary Account",
                    "displayName": "Beneficiary Account",
                    "displayNameLocalizationKey": "bf8e2af85f207249",
                    "displayOrderVal": 12,
                    "displayWidthVal": 3,
                    "id": "sfd_all_payment_benacc",
                    "isResizable": true,
                    "isSortable": true,
                    "textAlignment": "left",
                    "variablePath": "message.creditaccount.number"
                },
                {
                    "dataType": "string",
                    "defaultDisplayName": "Beneficiary Customer ID",
                    "displayName": "Beneficiary Customer ID",
                    "displayNameLocalizationKey": "b4dc67377ed639b4",
                    "displayOrderVal": 13,
                    "displayWidthVal": 3,
                    "id": "sfd_all_payment_bencust",
                    "isResizable": true,
                    "isSortable": true,
                    "textAlignment": "left",
                    "variablePath": "message.creditaccount.customer.identifier"
                },
                {
                    "dataType": "string",
                    "defaultDisplayName": "Beneficiary Name",
                    "displayName": "Beneficiary Name",
                    "displayNameLocalizationKey": "248f94b361ab20d1",
                    "displayOrderVal": 14,
                    "displayWidthVal": 3,
                    "id": "sfd_all_payment_bennm",
                    "isResizable": true,
                    "isSortable": true,
                    "textAlignment": "left",
                    "variablePath": "message.creditaccount.customer.name"
                },
                {
                    "dataType": "string",
                    "defaultDisplayName": "Beneficiary Bank",
                    "displayName": "Beneficiary Bank",
                    "displayNameLocalizationKey": "4b7ee54fa3c92366",
                    "displayOrderVal": 15,
                    "displayWidthVal": 3,
                    "id": "sfd_all_payment_benbaank",
                    "isResizable": true,
                    "isSortable": true,
                    "textAlignment": "left",
                    "variablePath": "message.creditaccount.bankname"
                },
                {
                    "dataType": "string",
                    "defaultDisplayName": "Payment Description",
                    "displayName": "Payment Description",
                    "displayNameLocalizationKey": "4a8de66189e8a3c9",
                    "displayOrderVal": 16,
                    "displayWidthVal": 3,
                    "id": "sfd_all_payment_desc",
                    "isResizable": true,
                    "isSortable": true,
                    "textAlignment": "left",
                    "variablePath": "message.payment.desc"
                },
                {
                    "dataType": "string",
                    "defaultDisplayName": "Device Location",
                    "displayName": "Device Location",
                    "displayNameLocalizationKey": "421e7d20f81c8a54",
                    "displayOrderVal": 17,
                    "displayWidthVal": 3,
                    "id": "sfd_all_payment_deviceloc",
                    "isResizable": true,
                    "isSortable": true,
                    "textAlignment": "left",
                    "variablePath": "message.device.countryCode"
                },
                {
                    "dataType": "string",
                    "defaultDisplayName": "IP Address",
                    "displayName": "IP Address",
                    "displayNameLocalizationKey": "de0aa2188478ec7d",
                    "displayOrderVal": 17,
                    "displayWidthVal": 3,
                    "id": "sfd_all_payment_ip",
                    "isResizable": true,
                    "isSortable": true,
                    "textAlignment": "left",
                    "variablePath": "message.device.ipAddress"
                },
                {
                    "dataType": "string",
                    "defaultDisplayName": "UDID",
                    "displayName": "UDID",
                    "displayNameLocalizationKey": "f977cfd1a51316f6",
                    "displayOrderVal": 18,
                    "displayWidthVal": 3,
                    "id": "sfd_all_payment_device",
                    "isResizable": true,
                    "isSortable": true,
                    "textAlignment": "left",
                    "variablePath": "message.device.udid"
                }
            ],
            "transactionTypeIds": [
                {
                    "id": "CCCP"
                },
                {
                    "id": "CCCA"
                },
                {
                    "id": "CCDE"
                },
                {
                    "id": "CCNM"
                },
                {
                    "id": "CCCV"
                },
                {
                    "id": "CSNM"
                },
                {
                    "id": "DCCT"
                },
                {
                    "id": "DCAT"
                },
                {
                    "id": "DCCA"
                },
                {
                    "id": "DCCW"
                },
                {
                    "id": "DCDP"
                },
                {
                    "id": "DCNM"
                },
                {
                    "id": "DCCP"
                },
                {
                    "id": "CKCH"
                },
                {
                    "id": "CKFP"
                },
                {
                    "id": "CKPP"
                },
                {
                    "id": "CKBP"
                },
                {
                    "id": "CKST"
                },
                {
                    "id": "CCCT"
                },
                {
                    "id": "CCAT"
                },
                {
                    "id": "CCDP"
                },
                {
                    "id": "CSDE"
                },
                {
                    "id": "DCDE"
                },
                {
                    "id": "CKNM"
                },
                {
                    "id": "DCCV"
                },
                {
                    "id": "CKPT"
                }
            ],
            "version": 1
        },
        {
            "defaultDisplayName": "All",
            "displayName": "All",
            "displayNameLocalizationKey": "1d7cf2954ead03ae",
            "id": "sfd_allTx_cardfraud",
            "optLockVersion": -1,
            "transactionFieldConfigs": [
                {
                    "dataType": "string",
                    "defaultDisplayName": "Orig Type",
                    "displayName": "Orig Type",
                    "displayNameLocalizationKey": "02ae882ce6c6198z",
                    "displayOrderVal": 0,
                    "displayWidthVal": 3,
                    "id": "sfd_all_card_Origin",
                    "isResizable": true,
                    "isSortable": true,
                    "textAlignment": "left",
                    "variablePath": "message.solution.originationType"
                },
                {
                    "dataType": "string",
                    "defaultDisplayName": "Activity Type",
                    "displayName": "Activity Type",
                    "displayNameLocalizationKey": "a618e8c48eec32cb",
                    "displayOrderVal": 1,
                    "displayWidthVal": 3,
                    "id": "sfd_all_card_activity",
                    "isResizable": true,
                    "isSortable": true,
                    "textAlignment": "left",
                    "variablePath": "message.solution.activityType"
                },
                {
                    "dataType": "dateTime",
                    "defaultDisplayName": "Date \u0026 Time",
                    "defaultSortDirection": "desc",
                    "displayName": "Date \u0026 Time",
                    "displayNameLocalizationKey": "5a2b5b1599c72ba3",
                    "displayOrderVal": 2,
                    "displayWidthVal": 3,
                    "id": "sfd_all_card_dttm",
                    "isResizable": true,
                    "isSortable": true,
                    "textAlignment": "left",
                    "variablePath": "message.solution.messageDtTmUtc"
                },
                {
                    "dataType": "string",
                    "defaultDisplayName": "CC Number",
                    "displayName": "CC Number",
                    "displayNameLocalizationKey": "c6cd0a40e37b9cf1",
                    "displayOrderVal": 3,
                    "displayWidthVal": 3,
                    "id": "sfd_all_card_cc_number",
                    "isResizable": true,
                    "isSortable": true,
                    "textAlignment": "left",
                    "variablePath": "message.creditcard.number"
                },
                {
                    "dataType": "string",
                    "defaultDisplayName": "DC Number",
                    "displayName": "DC Number",
                    "displayNameLocalizationKey": "02ae882ce6c61999",
                    "displayOrderVal": 5,
                    "displayWidthVal": 3,
                    "id": "sfd_all_card_dc_number",
                    "isResizable": true,
                    "isSortable": true,
                    "textAlignment": "left",
                    "variablePath": "message.debitcard.number"
                },
                {
                    "dataType": "number",
                    "defaultDisplayName": "Availalbe Balance",
                    "displayName": "Availalbe Balance",
                    "displayNameLocalizationKey": "474cfff6b2ac0eab",
                    "displayOrderVal": 6,
                    "displayWidthVal": 3,
                    "id": "sfd_all_card_ava_bal",
                    "isResizable": true,
                    "isSortable": true,
                    "textAlignment": "left",
                    "variablePath": "message.creditcard.availableBalance"
                },
                {
                    "dataType": "string",
                    "defaultDisplayName": "Currency Code",
                    "displayName": "Currency Code",
                    "displayNameLocalizationKey": "fa8c1977c8647b0a",
                    "displayOrderVal": 7,
                    "displayWidthVal": 3,
                    "id": "sfd_all_card_currency",
                    "isResizable": true,
                    "isSortable": true,
                    "textAlignment": "left",
                    "variablePath": "message.cardfinancial.currencyCode"
                },
                {
                    "dataType": "string",
                    "defaultDisplayName": "Amount",
                    "displayName": "Amount",
                    "displayNameLocalizationKey": "83a82f1a7351a2e7",
                    "displayOrderVal": 8,
                    "displayWidthVal": 3,
                    "id": "sfd_all_card_amt",
                    "isResizable": true,
                    "isSortable": true,
                    "textAlignment": "left",
                    "variablePath": "message.cardfinancial.amount"
                },
                {
                    "dataType": "string",
                    "defaultDisplayName": "CC Invalid PIN Tries",
                    "displayName": "CC Invalid PIN Tries",
                    "displayNameLocalizationKey": "cbdb12028bb7e9a4",
                    "displayOrderVal": 9,
                    "displayWidthVal": 3,
                    "id": "sfd_all_card_pin",
                    "isResizable": true,
                    "isSortable": true,
                    "textAlignment": "left",
                    "variablePath": "message.creditcard.invalidPinTries"
                },
                {
                    "dataType": "string",
                    "defaultDisplayName": "Merchant ID",
                    "displayName": "Merchant ID",
                    "displayNameLocalizationKey": "924f26af9a0af3e7",
                    "displayOrderVal": 10,
                    "displayWidthVal": 3,
                    "id": "sfd_all_card_merch_id",
                    "isResizable": true,
                    "isSortable": true,
                    "textAlignment": "left",
                    "variablePath": "message.merchant.identifier"
                },
                {
                    "dataType": "string",
                    "defaultDisplayName": "Merchant Name",
                    "displayName": "Merchant Name",
                    "displayNameLocalizationKey": "fd66cf93b0c22c9b",
                    "displayOrderVal": 11,
                    "displayWidthVal": 3,
                    "id": "sfd_all_card_merch_nm",
                    "isResizable": true,
                    "isSortable": true,
                    "textAlignment": "left",
                    "variablePath": "message.merchant.name"
                },
                {
                    "dataType": "string",
                    "defaultDisplayName": "Merchant City",
                    "displayName": "Merchant City",
                    "displayNameLocalizationKey": "88ebdfdbcbb24f44",
                    "displayOrderVal": 12,
                    "displayWidthVal": 3,
                    "id": "sfd_all_card_merch_city",
                    "isResizable": true,
                    "isSortable": true,
                    "textAlignment": "left",
                    "variablePath": "message.merchant.city"
                },
                {
                    "dataType": "string",
                    "defaultDisplayName": "Merchant Country",
                    "displayName": "Merchant Country",
                    "displayNameLocalizationKey": "5de44d38f78802e0",
                    "displayOrderVal": 13,
                    "displayWidthVal": 3,
                    "id": "sfd_all_card_merch_country",
                    "isResizable": true,
                    "isSortable": true,
                    "textAlignment": "left",
                    "variablePath": "message.merchant.countryCode"
                },
                {
                    "dataType": "string",
                    "defaultDisplayName": "MCC",
                    "displayName": "MCC",
                    "displayNameLocalizationKey": "3da4391ac5ec896e",
                    "displayOrderVal": 14,
                    "displayWidthVal": 3,
                    "id": "sfd_all_card_merch_mcc",
                    "isResizable": true,
                    "isSortable": true,
                    "textAlignment": "left",
                    "variablePath": "message.merchant.categoryCode"
                },
                {
                    "dataType": "string",
                    "defaultDisplayName": "POS Entry Mode",
                    "displayName": "POS Entry Mode",
                    "displayNameLocalizationKey": "835b1bd84ea26e1f",
                    "displayOrderVal": 15,
                    "displayWidthVal": 3,
                    "id": "sfd_all_card_pos",
                    "isResizable": true,
                    "isSortable": true,
                    "textAlignment": "left",
                    "variablePath": "message.cardfinancial.posEntryType"
                },
                {
                    "dataType": "string",
                    "defaultDisplayName": "Card Present",
                    "displayName": "Card Present",
                    "displayNameLocalizationKey": "baa7a9de26a4c70d",
                    "displayOrderVal": 16,
                    "displayWidthVal": 3,
                    "id": "sfd_all_card_card_present",
                    "isResizable": true,
                    "isSortable": true,
                    "textAlignment": "left",
                    "variablePath": "message.cardfinancial.cardPresentInd"
                },
                {
                    "dataType": "string",
                    "defaultDisplayName": "IP Address",
                    "displayName": "IP Address",
                    "displayNameLocalizationKey": "f7da4863d63f16e0",
                    "displayOrderVal": 17,
                    "displayWidthVal": 3,
                    "id": "sfd_all_card_ip",
                    "isResizable": true,
                    "isSortable": true,
                    "textAlignment": "left",
                    "variablePath": "message.device.ipAddress"
                },
                {
                    "dataType": "string",
                    "defaultDisplayName": "UDID",
                    "displayName": "UDID",
                    "displayNameLocalizationKey": "6740940a85796da0",
                    "displayOrderVal": 18,
                    "displayWidthVal": 3,
                    "id": "sfd_all_card_device",
                    "isResizable": true,
                    "isSortable": true,
                    "textAlignment": "left",
                    "variablePath": "message.device.udid"
                },
                {
                    "dataType": "string",
                    "defaultDisplayName": "Device Location",
                    "displayName": "Device Location",
                    "displayNameLocalizationKey": "06ff7bd6b8569bdc",
                    "displayOrderVal": 20,
                    "displayWidthVal": 3,
                    "id": "sfd_all_card_deviceloc",
                    "isResizable": true,
                    "isSortable": true,
                    "textAlignment": "left",
                    "variablePath": "message.device.countryCode"
                }
            ],
            "transactionTypeIds": [
                {
                    "id": "CCCP"
                },
                {
                    "id": "CCCA"
                },
                {
                    "id": "CCNM"
                },
                {
                    "id": "CSNM"
                },
                {
                    "id": "DCCT"
                },
                {
                    "id": "DCCA"
                },
                {
                    "id": "DCNM"
                },
                {
                    "id": "DCCP"
                },
                {
                    "id": "CKNM"
                }
            ],
            "version": 1
        },
        {
            "defaultDisplayName": "All Transactions for All Alert Types",
            "displayName": "All Transactions for All Alert Types",
            "displayNameLocalizationKey": "d748d4c71b8fa58a",
            "id": "sfd_allDefaultTx_cardfraud",
            "optLockVersion": -1,
            "transactionFieldConfigs": [
                {
                    "dataType": "string",
                    "defaultDisplayName": "Customer Type",
                    "defaultSortDirection": "desc",
                    "displayName": "Customer Type",
                    "displayNameLocalizationKey": "61bae2fbdb27f056",
                    "displayOrderVal": 1,
                    "displayWidthVal": 3,
                    "id": "sfd_cf_type_defTx_cardfraud",
                    "isResizable": true,
                    "isSortable": true,
                    "textAlignment": "left",
                    "variablePath": "message.customer.type"
                }
            ],
            "transactionTypeIds": [
                {
                    "id": "CCCW"
                },
                {
                    "id": "CCCP"
                },
                {
                    "id": "CCCA"
                },
                {
                    "id": "CCDE"
                },
                {
                    "id": "CCNM"
                },
                {
                    "id": "CCCV"
                },
                {
                    "id": "CSNM"
                },
                {
                    "id": "DCCT"
                },
                {
                    "id": "DCAT"
                },
                {
                    "id": "DCCA"
                },
                {
                    "id": "DCCW"
                },
                {
                    "id": "DCDP"
                },
                {
                    "id": "DCNM"
                },
                {
                    "id": "DCCP"
                },
                {
                    "id": "CCCT"
                },
                {
                    "id": "CCAT"
                },
                {
                    "id": "CCDP"
                },
                {
                    "id": "DCDE"
                },
                {
                    "id": "CKNM"
                },
                {
                    "id": "DCCV"
                }
            ],
            "version": 1
        },
        {
            "defaultDisplayName": "Credit Card Transactions",
            "displayName": "Credit Card Transactions",
            "displayNameLocalizationKey": "9e1e757367fa7953",
            "id": "sfd_ccTx_cardfraud",
            "optLockVersion": -1,
            "transactionFieldConfigs": [
                {
                    "dataType": "string",
                    "defaultDisplayName": "Orig Type",
                    "displayName": "Orig Type",
                    "displayNameLocalizationKey": "27922a7bafdefc94",
                    "displayOrderVal": 1,
                    "displayWidthVal": 3,
                    "id": "sfd_cc_Origin",
                    "isResizable": true,
                    "isSortable": true,
                    "textAlignment": "left",
                    "variablePath": "message.solution.originationType"
                },
                {
                    "dataType": "string",
                    "defaultDisplayName": "Activity Type",
                    "displayName": "Activity Type",
                    "displayNameLocalizationKey": "43fd07c573ee9ca4",
                    "displayOrderVal": 2,
                    "displayWidthVal": 3,
                    "id": "sfd_cc_activity",
                    "isResizable": true,
                    "isSortable": true,
                    "textAlignment": "left",
                    "variablePath": "message.solution.activityType"
                },
                {
                    "dataType": "dateTime",
                    "defaultDisplayName": "Date \u0026 Time",
                    "defaultSortDirection": "desc",
                    "displayName": "Date \u0026 Time",
                    "displayNameLocalizationKey": "a41d0c99417720a5",
                    "displayOrderVal": 3,
                    "displayWidthVal": 3,
                    "id": "sfd_cc_currency",
                    "isResizable": true,
                    "isSortable": true,
                    "textAlignment": "left",
                    "variablePath": "message.solution.messageDtTmUtc"
                },
                {
                    "dataType": "string",
                    "defaultDisplayName": "Card Number",
                    "displayName": "Card Number",
                    "displayNameLocalizationKey": "913eb3fe31fec701",
                    "displayOrderVal": 4,
                    "displayWidthVal": 3,
                    "id": "sfd_cc_number",
                    "isResizable": true,
                    "isSortable": true,
                    "textAlignment": "left",
                    "variablePath": "message.creditcard.number"
                },
                {
                    "dataType": "number",
                    "defaultDisplayName": "Availalbe Balance",
                    "displayName": "Availalbe Balance",
                    "displayNameLocalizationKey": "5b6b6f948f809fbb",
                    "displayOrderVal": 5,
                    "displayWidthVal": 3,
                    "id": "sfd_cc_ava_bal",
                    "isResizable": true,
                    "isSortable": true,
                    "textAlignment": "left",
                    "variablePath": "message.creditcard.availableBalance"
                },
                {
                    "dataType": "string",
                    "defaultDisplayName": "Currency Code",
                    "displayName": "Currency Code",
                    "displayNameLocalizationKey": "17f4eb903c0f224f",
                    "displayOrderVal": 6,
                    "displayWidthVal": 3,
                    "id": "sfd_cc_dttm",
                    "isResizable": true,
                    "isSortable": true,
                    "textAlignment": "left",
                    "variablePath": "message.cardfinancial.currencyCode"
                },
                {
                    "dataType": "string",
                    "defaultDisplayName": "Amount",
                    "displayName": "Amount",
                    "displayNameLocalizationKey": "7a1882f61982a979",
                    "displayOrderVal": 7,
                    "displayWidthVal": 3,
                    "id": "sfd_cc_amt",
                    "isResizable": true,
                    "isSortable": true,
                    "textAlignment": "left",
                    "variablePath": "message.cardfinancial.amount"
                },
                {
                    "dataType": "string",
                    "defaultDisplayName": "Invalid PIN Tries",
                    "displayName": "Invalid PIN Tries",
                    "displayNameLocalizationKey": "75279ffec6eedb73",
                    "displayOrderVal": 8,
                    "displayWidthVal": 3,
                    "id": "sfd_cc_pin",
                    "isResizable": true,
                    "isSortable": true,
                    "textAlignment": "left",
                    "variablePath": "message.creditcard.invalidPinTries"
                },
                {
                    "dataType": "string",
                    "defaultDisplayName": "Merchant ID",
                    "displayName": "Merchant ID",
                    "displayNameLocalizationKey": "748a3a2772f7e225",
                    "displayOrderVal": 9,
                    "displayWidthVal": 3,
                    "id": "sfd_cc_merch_id",
                    "isResizable": true,
                    "isSortable": true,
                    "textAlignment": "left",
                    "variablePath": "message.merchant.identifier"
                },
                {
                    "dataType": "string",
                    "defaultDisplayName": "Merchant Name",
                    "displayName": "Merchant Name",
                    "displayNameLocalizationKey": "47875b3418c82811",
                    "displayOrderVal": 10,
                    "displayWidthVal": 3,
                    "id": "sfd_cc_merch_nm",
                    "isResizable": true,
                    "isSortable": true,
                    "textAlignment": "left",
                    "variablePath": "message.merchant.name"
                },
                {
                    "dataType": "string",
                    "defaultDisplayName": "Merchant City",
                    "displayName": "Merchant City",
                    "displayNameLocalizationKey": "f86108949c9e60d5",
                    "displayOrderVal": 11,
                    "displayWidthVal": 3,
                    "id": "sfd_cc_merch_city",
                    "isResizable": true,
                    "isSortable": true,
                    "textAlignment": "left",
                    "variablePath": "message.merchant.city"
                },
                {
                    "dataType": "string",
                    "defaultDisplayName": "Merchant Country",
                    "displayName": "Merchant Country",
                    "displayNameLocalizationKey": "ef981dbbd0099eb9",
                    "displayOrderVal": 12,
                    "displayWidthVal": 3,
                    "id": "sfd_cc_merch_country",
                    "isResizable": true,
                    "isSortable": true,
                    "textAlignment": "left",
                    "variablePath": "message.merchant.countryCode"
                },
                {
                    "dataType": "string",
                    "defaultDisplayName": "MCC",
                    "displayName": "MCC",
                    "displayNameLocalizationKey": "af6fa746c195c213",
                    "displayOrderVal": 13,
                    "displayWidthVal": 3,
                    "id": "sfd_cc_merch_mcc",
                    "isResizable": true,
                    "isSortable": true,
                    "textAlignment": "left",
                    "variablePath": "message.merchant.categoryCode"
                },
                {
                    "dataType": "string",
                    "defaultDisplayName": "POS Entry Mode",
                    "displayName": "POS Entry Mode",
                    "displayNameLocalizationKey": "bd9d8266d73df64a",
                    "displayOrderVal": 14,
                    "displayWidthVal": 3,
                    "id": "sfd_cc_pos",
                    "isResizable": true,
                    "isSortable": true,
                    "textAlignment": "left",
                    "variablePath": "message.cardfinancial.posEntryType"
                },
                {
                    "dataType": "string",
                    "defaultDisplayName": "Card Present",
                    "displayName": "Card Present",
                    "displayNameLocalizationKey": "dc19eec364350661",
                    "displayOrderVal": 15,
                    "displayWidthVal": 3,
                    "id": "sfd_cc_card_present",
                    "isResizable": true,
                    "isSortable": true,
                    "textAlignment": "left",
                    "variablePath": "message.cardfinancial.cardPresentInd"
                },
                {
                    "dataType": "string",
                    "defaultDisplayName": "IP Address",
                    "displayName": "IP Address",
                    "displayNameLocalizationKey": "f8fbfe7e75471737",
                    "displayOrderVal": 16,
                    "displayWidthVal": 3,
                    "id": "sfd_cc_ip",
                    "isResizable": true,
                    "isSortable": true,
                    "textAlignment": "left",
                    "variablePath": "message.device.ipAddress"
                },
                {
                    "dataType": "string",
                    "defaultDisplayName": "UDID",
                    "displayName": "UDID",
                    "displayNameLocalizationKey": "130ad6af23ced82f",
                    "displayOrderVal": 17,
                    "displayWidthVal": 3,
                    "id": "sfd_cc_device",
                    "isResizable": true,
                    "isSortable": true,
                    "textAlignment": "left",
                    "variablePath": "message.device.udid"
                },
                {
                    "dataType": "string",
                    "defaultDisplayName": "Device Location",
                    "displayName": "Device Location",
                    "displayNameLocalizationKey": "eda0236677dc2c0c",
                    "displayOrderVal": 19,
                    "displayWidthVal": 3,
                    "id": "sfd_cc_deviceloc",
                    "isResizable": true,
                    "isSortable": true,
                    "textAlignment": "left",
                    "variablePath": "message.device.countryCode"
                }
            ],
            "transactionTypeIds": [
                {
                    "id": "CCCP"
                },
                {
                    "id": "CCCA"
                }
            ],
            "version": 1
        },
        {
            "defaultDisplayName": "Debit Card Transactions",
            "displayName": "Debit Card Transactions",
            "displayNameLocalizationKey": "e5be553c206f7249",
            "id": "sfd_dcTx_cardfraud",
            "optLockVersion": -1,
            "transactionFieldConfigs": [
                {
                    "dataType": "string",
                    "defaultDisplayName": "Orig Type",
                    "displayName": "Orig Type",
                    "displayNameLocalizationKey": "12ae882ce6c6198z",
                    "displayOrderVal": 1,
                    "displayWidthVal": 3,
                    "id": "sfd_dc_Origin",
                    "isResizable": true,
                    "isSortable": true,
                    "textAlignment": "left",
                    "variablePath": "message.solution.originationType"
                },
                {
                    "dataType": "string",
                    "defaultDisplayName": "Activity Type",
                    "displayName": "Activity Type",
                    "displayNameLocalizationKey": "22ae882ce6c6198z",
                    "displayOrderVal": 2,
                    "displayWidthVal": 3,
                    "id": "sfd_dc_activity",
                    "isResizable": true,
                    "isSortable": true,
                    "textAlignment": "left",
                    "variablePath": "message.solution.activityType"
                },
                {
                    "dataType": "string",
                    "defaultDisplayName": "Currency Code",
                    "displayName": "Currency Code",
                    "displayNameLocalizationKey": "9a5e1fd50ecd1ebd",
                    "displayOrderVal": 3,
                    "displayWidthVal": 3,
                    "id": "sfd_dc_currency",
                    "isResizable": true,
                    "isSortable": true,
                    "textAlignment": "left",
                    "variablePath": "message.cardfinancial.currencyCode"
                },
                {
                    "dataType": "dateTime",
                    "defaultDisplayName": "Date \u0026 Time",
                    "defaultSortDirection": "desc",
                    "displayName": "Date \u0026 Time",
                    "displayNameLocalizationKey": "02ae882ce6c6198z",
                    "displayOrderVal": 3,
                    "displayWidthVal": 6,
                    "id": "sfd_dc_dttm",
                    "isResizable": true,
                    "isSortable": true,
                    "textAlignment": "left",
                    "variablePath": "message.solution.messageDtTmUtc"
                },
                {
                    "dataType": "string",
                    "defaultDisplayName": "DC Number",
                    "displayName": "DC Number",
                    "displayNameLocalizationKey": "02ae882ce6c6198e",
                    "displayOrderVal": 4,
                    "displayWidthVal": 3,
                    "id": "sfd_dc_number",
                    "isResizable": true,
                    "isSortable": true,
                    "textAlignment": "left",
                    "variablePath": "message.debitcard.number"
                },
                {
                    "dataType": "number",
                    "defaultDisplayName": "Amount",
                    "displayName": "Amount",
                    "displayNameLocalizationKey": "8523436831202f5c",
                    "displayOrderVal": 5,
                    "displayWidthVal": 3,
                    "id": "sfd_dc_amt",
                    "isResizable": true,
                    "isSortable": true,
                    "textAlignment": "left",
                    "variablePath": "message.cardfinancial.amount"
                },
                {
                    "dataType": "number",
                    "defaultDisplayName": "DC Invalid PIN Tries",
                    "displayName": "DC Invalid PIN Tries",
                    "displayNameLocalizationKey": "c4bdab6fd143f8f3",
                    "displayOrderVal": 6,
                    "displayWidthVal": 3,
                    "id": "sfd_dc_pin",
                    "isResizable": true,
                    "isSortable": true,
                    "textAlignment": "left",
                    "variablePath": "message.debitcard.invalidPinTries"
                },
                {
                    "dataType": "string",
                    "defaultDisplayName": "Merchant ID",
                    "displayName": "Merchant ID",
                    "displayNameLocalizationKey": "7478051de4606437",
                    "displayOrderVal": 7,
                    "displayWidthVal": 3,
                    "id": "sfd_dc_merch_id",
                    "isResizable": true,
                    "isSortable": true,
                    "textAlignment": "left",
                    "variablePath": "message.merchant.identifier"
                },
                {
                    "dataType": "string",
                    "defaultDisplayName": "Merchant Name",
                    "displayName": "Merchant Name",
                    "displayNameLocalizationKey": "6478051de4606437",
                    "displayOrderVal": 8,
                    "displayWidthVal": 3,
                    "id": "sfd_dc_merch_nm",
                    "isResizable": true,
                    "isSortable": true,
                    "textAlignment": "left",
                    "variablePath": "message.merchant.name"
                },
                {
                    "dataType": "string",
                    "defaultDisplayName": "Merchant City",
                    "displayName": "Merchant City",
                    "displayNameLocalizationKey": "e8ce6046a28da075",
                    "displayOrderVal": 9,
                    "displayWidthVal": 3,
                    "id": "sfd_dc_merch_city",
                    "isResizable": true,
                    "isSortable": true,
                    "textAlignment": "left",
                    "variablePath": "message.merchant.city"
                },
                {
                    "dataType": "string",
                    "defaultDisplayName": "Merchant Country",
                    "displayName": "Merchant Country",
                    "displayNameLocalizationKey": "g8ce6046a28da075",
                    "displayOrderVal": 10,
                    "displayWidthVal": 3,
                    "id": "sfd_dc_merch_country",
                    "isResizable": true,
                    "isSortable": true,
                    "textAlignment": "left",
                    "variablePath": "message.merchant.countryCode"
                },
                {
                    "dataType": "string",
                    "defaultDisplayName": "MCC",
                    "displayName": "MCC",
                    "displayNameLocalizationKey": "bab838f83692d1a1",
                    "displayOrderVal": 11,
                    "displayWidthVal": 3,
                    "id": "sfd_dc_merch_mcc",
                    "isResizable": true,
                    "isSortable": true,
                    "textAlignment": "left",
                    "variablePath": "message.merchant.categoryCode"
                },
                {
                    "dataType": "string",
                    "defaultDisplayName": "POS Entry Mode",
                    "displayName": "POS Entry Mode",
                    "displayNameLocalizationKey": "f1587330d1a6372f",
                    "displayOrderVal": 12,
                    "displayWidthVal": 3,
                    "id": "sfd_dc_pos",
                    "isResizable": true,
                    "isSortable": true,
                    "textAlignment": "left",
                    "variablePath": "message.cardfinancial.posEntryType"
                },
                {
                    "dataType": "string",
                    "defaultDisplayName": "Card Present",
                    "displayName": "Card Present",
                    "displayNameLocalizationKey": "8ee5f80988cee408",
                    "displayOrderVal": 13,
                    "displayWidthVal": 3,
                    "id": "sfd_dc_card_present",
                    "isResizable": true,
                    "isSortable": true,
                    "textAlignment": "left",
                    "variablePath": "message.cardfinancial.cardPresentInd"
                },
                {
                    "dataType": "string",
                    "defaultDisplayName": "IP Address",
                    "displayName": "IP Address",
                    "displayNameLocalizationKey": "e7336c459c292293",
                    "displayOrderVal": 14,
                    "displayWidthVal": 3,
                    "id": "sfd_dc_ip",
                    "isResizable": true,
                    "isSortable": true,
                    "textAlignment": "left",
                    "variablePath": "message.device.ipAddress"
                },
                {
                    "dataType": "string",
                    "defaultDisplayName": "UDID",
                    "displayName": "UDID",
                    "displayNameLocalizationKey": "fba979df1af25a00",
                    "displayOrderVal": 15,
                    "displayWidthVal": 3,
                    "id": "sfd_dc_device",
                    "isResizable": true,
                    "isSortable": true,
                    "textAlignment": "left",
                    "variablePath": "message.device.udid"
                },
                {
                    "dataType": "string",
                    "defaultDisplayName": "Device Location",
                    "displayName": "Device Location",
                    "displayNameLocalizationKey": "e3b68b0151685898",
                    "displayOrderVal": 17,
                    "displayWidthVal": 3,
                    "id": "sfd_dc_deviceloc",
                    "isResizable": true,
                    "isSortable": true,
                    "textAlignment": "left",
                    "variablePath": "message.device.countryCode"
                }
            ],
            "transactionTypeIds": [
                {
                    "id": "DCCT"
                },
                {
                    "id": "DCCA"
                },
                {
                    "id": "DCCP"
                }
            ],
            "version": 1
        },
        {
            "defaultDisplayName": "Events",
            "displayName": "Events",
            "displayNameLocalizationKey": "4fcb155d2d02b3e8",
            "id": "sfd_events_paymentfraud",
            "optLockVersion": -1,
            "transactionFieldConfigs": [
                {
                    "dataType": "string",
                    "defaultDisplayName": "Orig Type",
                    "displayName": "Orig Type",
                    "displayNameLocalizationKey": "12ae882ce6c6aaaa",
                    "displayOrderVal": 0,
                    "displayWidthVal": 3,
                    "id": "sfd_events_Origin",
                    "isResizable": true,
                    "isSortable": true,
                    "textAlignment": "left",
                    "variablePath": "message.solution.originationType"
                },
                {
                    "dataType": "string",
                    "defaultDisplayName": "Activity Type",
                    "displayName": "Activity Type",
                    "displayNameLocalizationKey": "22ae882ce6c6bbb",
                    "displayOrderVal": 1,
                    "displayWidthVal": 3,
                    "id": "sfd_events_activity",
                    "isResizable": true,
                    "isSortable": true,
                    "textAlignment": "left",
                    "variablePath": "message.solution.activityType"
                },
                {
                    "dataType": "dateTime",
                    "defaultDisplayName": "Date \u0026 Time",
                    "defaultSortDirection": "desc",
                    "displayName": "Date \u0026 Time",
                    "displayNameLocalizationKey": "35d099dbc7326ba8",
                    "displayOrderVal": 2,
                    "displayWidthVal": 3,
                    "id": "sfd_events_pay_dttm",
                    "isResizable": true,
                    "isSortable": true,
                    "textAlignment": "left",
                    "variablePath": "message.solution.messageDtTmUtc"
                },
                {
                    "dataType": "string",
                    "defaultDisplayName": "Event Type",
                    "displayName": "Event Type",
                    "displayNameLocalizationKey": "2a515c55b68d5451",
                    "displayOrderVal": 3,
                    "displayWidthVal": 3,
                    "id": "sfd_events_pay_type",
                    "isResizable": true,
                    "isSortable": true,
                    "textAlignment": "left",
                    "variablePath": "message.digital.type"
                },
                {
                    "dataType": "string",
                    "defaultDisplayName": "Event Name",
                    "displayName": "Event Name",
                    "displayNameLocalizationKey": "dd7f891b112e7a71",
                    "displayOrderVal": 4,
                    "displayWidthVal": 3,
                    "id": "sfd_events_pay_name",
                    "isResizable": true,
                    "isSortable": true,
                    "textAlignment": "left",
                    "variablePath": "message.digital.name"
                },
                {
                    "dataType": "string",
                    "defaultDisplayName": "Event Full Description",
                    "displayName": "Event Full Description",
                    "displayNameLocalizationKey": "880c410539c5de69",
                    "displayOrderVal": 5,
                    "displayWidthVal": 3,
                    "id": "sfd_events_pay_desc",
                    "isResizable": true,
                    "isSortable": true,
                    "textAlignment": "left",
                    "variablePath": "message.digital.desc"
                },
                {
                    "dataType": "string",
                    "defaultDisplayName": "IP Address",
                    "displayName": "IP Address",
                    "displayNameLocalizationKey": "7b162511398ace0f",
                    "displayOrderVal": 6,
                    "displayWidthVal": 3,
                    "id": "sfd_events_pay_ip",
                    "isResizable": true,
                    "isSortable": true,
                    "textAlignment": "left",
                    "variablePath": "message.device.ipAddress"
                },
                {
                    "dataType": "string",
                    "defaultDisplayName": "UDID",
                    "displayName": "UDID",
                    "displayNameLocalizationKey": "fcd7c779ff8f3251",
                    "displayOrderVal": 7,
                    "displayWidthVal": 3,
                    "id": "sfd_events_pay_device",
                    "isResizable": true,
                    "isSortable": true,
                    "textAlignment": "left",
                    "variablePath": "message.device.udid"
                },
                {
                    "dataType": "string",
                    "defaultDisplayName": "Fingerprint",
                    "displayName": "Fingerprint",
                    "displayNameLocalizationKey": "ecd7c779ff8f3251",
                    "displayOrderVal": 8,
                    "displayWidthVal": 3,
                    "id": "sfd_events_pay_device_fp",
                    "isResizable": true,
                    "isSortable": true,
                    "textAlignment": "left",
                    "variablePath": "message.device.fingerprint"
                },
                {
                    "dataType": "string",
                    "defaultDisplayName": "Device Location",
                    "displayName": "Device Location",
                    "displayNameLocalizationKey": "74d4c03753498af2",
                    "displayOrderVal": 9,
                    "displayWidthVal": 3,
                    "id": "sfd_events_pay_deviceloc",
                    "isResizable": true,
                    "isSortable": true,
                    "textAlignment": "left",
                    "variablePath": "message.device.countryCode"
                }
            ],
            "transactionTypeIds": [
                {
                    "id": "CSNM"
                },
                {
                    "id": "CKNM"
                }
            ],
            "version": 1
        },
        {
            "defaultDisplayName": "Events",
            "displayName": "Events",
            "displayNameLocalizationKey": "805c4c0664fdc487",
            "id": "sfd_events_cardfraud",
            "optLockVersion": -1,
            "transactionFieldConfigs": [
                {
                    "dataType": "dateTime",
                    "defaultDisplayName": "CC Issue Date",
                    "displayName": "CC Issue Date",
                    "displayNameLocalizationKey": "c0860aa8afff083a",
                    "displayOrderVal": 0,
                    "displayWidthVal": 3,
                    "id": "sfd_cc_issueDt_events_cardfraud",
                    "isResizable": true,
                    "isSortable": true,
                    "textAlignment": "left",
                    "variablePath": "message.creditcard.issueDt"
                },
                {
                    "dataType": "dateTime",
                    "defaultDisplayName": "CC PIN Last Sent",
                    "displayName": "CC PIN Last Sent",
                    "displayNameLocalizationKey": "450df8eab5bfe237",
                    "displayOrderVal": 1,
                    "displayWidthVal": 3,
                    "id": "sfd_cc_lastPinDt_events_cardfraud",
                    "isResizable": true,
                    "isSortable": true,
                    "textAlignment": "left",
                    "variablePath": "message.creditcard.lastPinDt"
                },
                {
                    "dataType": "dateTime",
                    "defaultDisplayName": "CC Last Invalid PIN Try",
                    "displayName": "CC Last Invalid PIN Try",
                    "displayNameLocalizationKey": "ca3b23f79f56f99d",
                    "displayOrderVal": 2,
                    "displayWidthVal": 3,
                    "id": "sfd_cc_invalidPinDt_events_cardfraud",
                    "isResizable": true,
                    "isSortable": true,
                    "textAlignment": "left",
                    "variablePath": "message.creditcard.invalidPinDt"
                },
                {
                    "dataType": "dateTime",
                    "defaultDisplayName": "DC Issue Date",
                    "displayName": "DC Issue Date",
                    "displayNameLocalizationKey": "148f8dcf4fbd47be",
                    "displayOrderVal": 3,
                    "displayWidthVal": 3,
                    "id": "sfd_dc_issueDt_events_cardfraud",
                    "isResizable": true,
                    "isSortable": true,
                    "textAlignment": "left",
                    "variablePath": "message.debitcard.issueDt"
                },
                {
                    "dataType": "dateTime",
                    "defaultDisplayName": "DC PIN Last Sent",
                    "displayName": "DC PIN Last Sent",
                    "displayNameLocalizationKey": "0773670bd6f6cf13",
                    "displayOrderVal": 4,
                    "displayWidthVal": 3,
                    "id": "sfd_dc_lastPinDt_events_cardfraud",
                    "isResizable": true,
                    "isSortable": true,
                    "textAlignment": "left",
                    "variablePath": "message.debitcard.lastPinDt"
                },
                {
                    "dataType": "dateTime",
                    "defaultDisplayName": "DC Last Invalid PIN Try",
                    "displayName": "DC Last Invalid PIN Try",
                    "displayNameLocalizationKey": "96acf2d3cbedd1f0",
                    "displayOrderVal": 5,
                    "displayWidthVal": 3,
                    "id": "sfd_dc_invalidPinDt_events_cardfraud",
                    "isResizable": true,
                    "isSortable": true,
                    "textAlignment": "left",
                    "variablePath": "message.debitcard.invalidPinDt"
                },
                {
                    "dataType": "string",
                    "defaultDisplayName": "Category",
                    "displayName": "Category",
                    "displayNameLocalizationKey": "0749b0f500d10dc0",
                    "displayOrderVal": 6,
                    "displayWidthVal": 3,
                    "id": "sfd_demo_category_events_cardfraud",
                    "isResizable": true,
                    "isSortable": true,
                    "textAlignment": "left",
                    "variablePath": "message.demographic.category"
                },
                {
                    "dataType": "string",
                    "defaultDisplayName": "Change Type",
                    "displayName": "Change Type",
                    "displayNameLocalizationKey": "0161d54a557269bb",
                    "displayOrderVal": 7,
                    "displayWidthVal": 3,
                    "id": "sfd_demo_type_events_cardfraud",
                    "isResizable": true,
                    "isSortable": true,
                    "textAlignment": "left",
                    "variablePath": "message.demographic.type"
                },
                {
                    "dataType": "string",
                    "defaultDisplayName": "Change SubType",
                    "displayName": "Change SubType",
                    "displayNameLocalizationKey": "b6e6a9ce8a2771c9",
                    "displayOrderVal": 8,
                    "displayWidthVal": 3,
                    "id": "sfd_demo_subType_events_cardfraud",
                    "isResizable": true,
                    "isSortable": true,
                    "textAlignment": "left",
                    "variablePath": "message.demographic.subType"
                },
                {
                    "dataType": "string",
                    "defaultDisplayName": "Change Description",
                    "displayName": "Change Description",
                    "displayNameLocalizationKey": "8b2acac3b20628b3",
                    "displayOrderVal": 9,
                    "displayWidthVal": 3,
                    "id": "sfd_demo_typeDesc_events_cardfraud",
                    "isResizable": true,
                    "isSortable": true,
                    "textAlignment": "left",
                    "variablePath": "message.demographic.typeDesc"
                }
            ],
            "transactionTypeIds": [
                {
                    "id": "CCNM"
                },
                {
                    "id": "CSNM"
                },
                {
                    "id": "DCNM"
                },
                {
                    "id": "CKNM"
                }
            ],
            "version": 1
        },
        {
            "defaultDisplayName": "Payment Transactions",
            "displayName": "Payment Transactions",
            "displayNameLocalizationKey": "9051971cc85d1486",
            "id": "sfd_paymentTx_paymentfraud",
            "optLockVersion": -1,
            "transactionFieldConfigs": [
                {
                    "dataType": "string",
                    "defaultDisplayName": "Orig Type",
                    "displayName": "Orig Type",
                    "displayNameLocalizationKey": "12ae882ce6c61111",
                    "displayOrderVal": 0,
                    "displayWidthVal": 3,
                    "id": "sfd_payment_Origin",
                    "isResizable": true,
                    "isSortable": true,
                    "textAlignment": "left",
                    "variablePath": "message.solution.originationType"
                },
                {
                    "dataType": "string",
                    "defaultDisplayName": "Activity Type",
                    "displayName": "Activity Type",
                    "displayNameLocalizationKey": "22ae882ce6c2222",
                    "displayOrderVal": 1,
                    "displayWidthVal": 3,
                    "id": "sfd_payment_activity",
                    "isResizable": true,
                    "isSortable": true,
                    "textAlignment": "left",
                    "variablePath": "message.solution.activityType"
                },
                {
                    "dataType": "string",
                    "defaultDisplayName": "Payment ID",
                    "displayName": "Payment ID",
                    "displayNameLocalizationKey": "4fa88c45a9b951a9",
                    "displayOrderVal": 2,
                    "displayWidthVal": 3,
                    "id": "sfd_payment_payid",
                    "isResizable": true,
                    "isSortable": true,
                    "textAlignment": "left",
                    "variablePath": "message.sas.system.transactionIdentifier"
                },
                {
                    "dataType": "string",
                    "defaultDisplayName": "Direction",
                    "displayName": "Direction",
                    "displayNameLocalizationKey": "02ae882ce6c6198z",
                    "displayOrderVal": 3,
                    "displayWidthVal": 3,
                    "id": "sfd_payment_direction",
                    "isResizable": true,
                    "isSortable": true,
                    "textAlignment": "left",
                    "variablePath": "message.payment.direction"
                },
                {
                    "dataType": "dateTime",
                    "defaultDisplayName": "Date \u0026 Time",
                    "defaultSortDirection": "desc",
                    "displayName": "Date \u0026 Time",
                    "displayNameLocalizationKey": "5ebb3e0f9b222c81",
                    "displayOrderVal": 4,
                    "displayWidthVal": 3,
                    "id": "sfd_payment_dttm",
                    "isResizable": true,
                    "isSortable": true,
                    "textAlignment": "left",
                    "variablePath": "message.solution.messageDtTmUtc"
                },
                {
                    "dataType": "string",
                    "defaultDisplayName": "Currency",
                    "displayName": "Currency",
                    "displayNameLocalizationKey": "33f99822d427abd6",
                    "displayOrderVal": 5,
                    "displayWidthVal": 3,
                    "id": "sfd_payment_currency",
                    "isResizable": true,
                    "isSortable": true,
                    "textAlignment": "left",
                    "variablePath": "message.payment.creditCurrencyCode"
                },
                {
                    "dataType": "number",
                    "defaultDisplayName": "Amount",
                    "displayName": "Amount",
                    "displayNameLocalizationKey": "c80d941f86f3c1a1",
                    "displayOrderVal": 6,
                    "displayWidthVal": 3,
                    "id": "sfd_payment_amt",
                    "isResizable": true,
                    "isSortable": true,
                    "textAlignment": "left",
                    "variablePath": "message.payment.amount"
                },
                {
                    "dataType": "string",
                    "defaultDisplayName": "Type",
                    "displayName": "Type",
                    "displayNameLocalizationKey": "cc0d941f86f3c1a1",
                    "displayOrderVal": 7,
                    "displayWidthVal": 3,
                    "id": "sfd_payment_type",
                    "isResizable": true,
                    "isSortable": true,
                    "textAlignment": "left",
                    "variablePath": "message.payment.type"
                },
                {
                    "dataType": "string",
                    "defaultDisplayName": "Orig Account",
                    "displayName": "Orig Account",
                    "displayNameLocalizationKey": "eab2ac68d0c405c5",
                    "displayOrderVal": 8,
                    "displayWidthVal": 3,
                    "id": "sfd_payment_acc",
                    "isResizable": true,
                    "isSortable": true,
                    "textAlignment": "left",
                    "variablePath": "message.debitaccount.number"
                },
                {
                    "dataType": "string",
                    "defaultDisplayName": "Orig ID",
                    "displayName": "Orig ID",
                    "displayNameLocalizationKey": "18c9af0ef4a1a973",
                    "displayOrderVal": 9,
                    "displayWidthVal": 3,
                    "id": "sfd_payment_cust",
                    "isResizable": true,
                    "isSortable": true,
                    "textAlignment": "left",
                    "variablePath": "message.debitaccount.customer.identifier"
                },
                {
                    "dataType": "string",
                    "defaultDisplayName": "Orig Name",
                    "displayName": "Orig Name",
                    "displayNameLocalizationKey": "2ac88f502331b1dc",
                    "displayOrderVal": 10,
                    "displayWidthVal": 3,
                    "id": "sfd_payment_name",
                    "isResizable": true,
                    "isSortable": true,
                    "textAlignment": "left",
                    "variablePath": "message.debitaccount.customer.name"
                },
                {
                    "dataType": "string",
                    "defaultDisplayName": "Orig Bank",
                    "displayName": "Orig Bank",
                    "displayNameLocalizationKey": "b48756a7a1296d01",
                    "displayOrderVal": 11,
                    "displayWidthVal": 3,
                    "id": "sfd_payment_bank",
                    "isResizable": true,
                    "isSortable": true,
                    "textAlignment": "left",
                    "variablePath": "message.debitaccount.bankname"
                },
                {
                    "dataType": "string",
                    "defaultDisplayName": "Ben Account",
                    "displayName": "Ben Account",
                    "displayNameLocalizationKey": "e9a8bfae693296cb",
                    "displayOrderVal": 12,
                    "displayWidthVal": 3,
                    "id": "sfd_payment_benacc",
                    "isResizable": true,
                    "isSortable": true,
                    "textAlignment": "left",
                    "variablePath": "message.creditaccount.number"
                },
                {
                    "dataType": "string",
                    "defaultDisplayName": "Ben ID",
                    "displayName": "Ben ID",
                    "displayNameLocalizationKey": "d05df4c9b964514a",
                    "displayOrderVal": 13,
                    "displayWidthVal": 3,
                    "id": "sfd_payment_bencust",
                    "isResizable": true,
                    "isSortable": true,
                    "textAlignment": "left",
                    "variablePath": "message.creditaccount.customer.identifier"
                },
                {
                    "dataType": "string",
                    "defaultDisplayName": "Ben Name",
                    "displayName": "Ben Name",
                    "displayNameLocalizationKey": "12457693ce6827cd",
                    "displayOrderVal": 14,
                    "displayWidthVal": 3,
                    "id": "sfd_payment_bennm",
                    "isResizable": true,
                    "isSortable": true,
                    "textAlignment": "left",
                    "variablePath": "message.creditaccount.customer.name"
                },
                {
                    "dataType": "string",
                    "defaultDisplayName": "Ben Bank",
                    "displayName": "Ben Bank",
                    "displayNameLocalizationKey": "cf2dd3f5ff53465b",
                    "displayOrderVal": 15,
                    "displayWidthVal": 3,
                    "id": "sfd_payment_benbaank",
                    "isResizable": true,
                    "isSortable": true,
                    "textAlignment": "left",
                    "variablePath": "message.creditaccount.bankname"
                },
                {
                    "dataType": "string",
                    "defaultDisplayName": "Payment Description",
                    "displayName": "Payment Description",
                    "displayNameLocalizationKey": "c4659f0d113c4f84",
                    "displayOrderVal": 16,
                    "displayWidthVal": 3,
                    "id": "sfd_payment_desc",
                    "isResizable": true,
                    "isSortable": true,
                    "textAlignment": "left",
                    "variablePath": "message.payment.desc"
                },
                {
                    "dataType": "string",
                    "defaultDisplayName": "Device Location",
                    "displayName": "Device Location",
                    "displayNameLocalizationKey": "500b2372995912ca",
                    "displayOrderVal": 17,
                    "displayWidthVal": 3,
                    "id": "sfd_payment_deviceloc",
                    "isResizable": true,
                    "isSortable": true,
                    "textAlignment": "left",
                    "variablePath": "message.device.countryCode"
                },
                {
                    "dataType": "string",
                    "defaultDisplayName": "IP Address",
                    "displayName": "IP Address",
                    "displayNameLocalizationKey": "4dd3c334ea0d14dd",
                    "displayOrderVal": 17,
                    "displayWidthVal": 3,
                    "id": "sfd_payment_ip",
                    "isResizable": true,
                    "isSortable": true,
                    "textAlignment": "left",
                    "variablePath": "message.device.ipAddress"
                },
                {
                    "dataType": "string",
                    "defaultDisplayName": "UDID",
                    "displayName": "UDID",
                    "displayNameLocalizationKey": "f05df4c9b964514a",
                    "displayOrderVal": 18,
                    "displayWidthVal": 3,
                    "id": "sfd_payment_device",
                    "isResizable": true,
                    "isSortable": true,
                    "textAlignment": "left",
                    "variablePath": "message.device.udid"
                },
                {
                    "dataType": "string",
                    "defaultDisplayName": "Fingerprint",
                    "displayName": "Fingerprint",
                    "displayNameLocalizationKey": "t05df4c9b964514a",
                    "displayOrderVal": 19,
                    "displayWidthVal": 3,
                    "id": "sfd_payment_device_fp",
                    "isResizable": true,
                    "isSortable": true,
                    "textAlignment": "left",
                    "variablePath": "message.device.fingerprint"
                }
            ],
            "transactionTypeIds": [
                {
                    "id": "CKCH"
                },
                {
                    "id": "CKFP"
                },
                {
                    "id": "CKPP"
                },
                {
                    "id": "CKBP"
                },
                {
                    "id": "CKPT"
                }
            ],
            "version": 1
        }
    ]
}