{
    "post": "/alerts/actions/groups",
    "contentType": "application/vnd.sas.collection.triage.action.group+json",
    "body": [
        [
            {
                "builtInFlag": true,
                "description": "Built-in close",
                "id": "AD_BUILT_IN_CLOSE",
                "localizedDescription": "Built-in close",
                "localizedName": "Built-in close",
                "members": [
                    {
                        "argumentsJSON": "",
                        "id": "close-alert",
                        "localizationKey": "",
                        "name": "",
                        "order": 1,
                        "validationJSON": ""
                    },
                    {
                        "argumentsJSON": "[{ \"name\": \"productivityRating\", \"value\": \"UNPRODUCTIVE\"}]",
                        "id": "set-productivity-rating",
                        "localizationKey": "",
                        "name": "",
                        "order": 2,
                        "validationJSON": ""
                    }
                ],
                "name": "Built-in close",
                "optLockVersion": -1,
                "version": 1
            },
            {
                "builtInFlag": true,
                "description": "Built-in re-activate",
                "id": "AD_BUILT_IN_REACTIVATE",
                "localizedDescription": "Built-in re-activate",
                "localizedName": "Built-in re-activate",
                "members": [
                    {
                        "argumentsJSON": "",
                        "id": "reactivate-alert",
                        "localizationKey": "",
                        "name": "",
                        "order": 1,
                        "validationJSON": ""
                    }
                ],
                "name": "Built-in re-activate",
                "optLockVersion": -1,
                "version": 1
            },
            {
                "builtInFlag": false,
                "id": "AG_CLOSE_AND_MARK_PRODUCTIVE",
                "localizedName": "Close Alert as Productive",
                "members": [
                    {
                        "argumentsJSON": "",
                        "id": "close-alert",
                        "localizationKey": "",
                        "name": "",
                        "order": 1,
                        "validationJSON": ""
                    },
                    {
                        "argumentsJSON": "[{ \"name\": \"productivityRating\", \"value\": \"PRODUCTIVE\"}]",
                        "id": "set-productivity-rating",
                        "localizationKey": "",
                        "name": "",
                        "order": 2,
                        "validationJSON": ""
                    }
                ],
                "name": "Close Alert as Productive",
                "optLockVersion": -1,
                "version": 1
            },
            {
                "builtInFlag": false,
                "id": "SFD_CLOSED_INDETERMINATE",
                "localizedName": "Closed Indeterminate",
                "members": [
                    {
                        "argumentsJSON": "[{\"name\": \"productivityRating\", \"value\": \"INDETERMINATE\"}]",
                        "id": "set-productivity-rating",
                        "localizationKey": "",
                        "name": "",
                        "order": 1,
                        "validationJSON": ""
                    },
                    {
                        "argumentsJSON": "",
                        "id": "interactive-auto-close-alert",
                        "localizationKey": "",
                        "name": "",
                        "order": 2,
                        "validationJSON": ""
                    },
                    {
                        "argumentsJSON": "",
                        "id": "interactive-set-reason-code",
                        "localizationKey": "",
                        "name": "",
                        "order": 3,
                        "validationJSON": ""
                    }
                ],
                "name": "Closed Indeterminate",
                "optLockVersion": -1,
                "version": 1
            },
            {
                "builtInFlag": false,
                "id": "SFD_CLOSED_PRODUCTIVE",
                "localizedName": "Closed Productive",
                "members": [
                    {
                        "argumentsJSON": "[{\"name\": \"productivityRating\", \"value\": \"PRODUCTIVE\"}]",
                        "id": "set-productivity-rating",
                        "localizationKey": "",
                        "name": "",
                        "order": 1,
                        "validationJSON": ""
                    },
                    {
                        "argumentsJSON": "",
                        "id": "interactive-auto-close-alert",
                        "localizationKey": "",
                        "name": "",
                        "order": 2,
                        "validationJSON": ""
                    },
                    {
                        "argumentsJSON": "",
                        "id": "interactive-set-reason-code",
                        "localizationKey": "",
                        "name": "",
                        "order": 3,
                        "validationJSON": ""
                    }
                ],
                "name": "Closed Productive",
                "optLockVersion": -1,
                "version": 1
            },
            {
                "builtInFlag": false,
                "id": "SFD_CLOSED_UNPRODUCTIVE",
                "localizedName": "Closed Unproductive",
                "members": [
                    {
                        "argumentsJSON": "[{\"name\": \"productivityRating\", \"value\": \"UNPRODUCTIVE\"}]",
                        "id": "set-productivity-rating",
                        "localizationKey": "",
                        "name": "",
                        "order": 1,
                        "validationJSON": ""
                    },
                    {
                        "argumentsJSON": "",
                        "id": "interactive-auto-close-alert",
                        "localizationKey": "",
                        "name": "",
                        "order": 2,
                        "validationJSON": ""
                    },
                    {
                        "argumentsJSON": "",
                        "id": "interactive-set-reason-code",
                        "localizationKey": "",
                        "name": "",
                        "order": 3,
                        "validationJSON": ""
                    }
                ],
                "name": "Closed Unproductive",
                "optLockVersion": -1,
                "version": 1
            },
            {
                "builtInFlag": false,
                "id": "SFD_INTERACTIVE_MOVE_TO_Q_CREDIT_CNP",
                "localizedName": "Move to Queue - CNP",
                "members": [
                    {
                        "argumentsJSON": "",
                        "id": "interactive-move-to-queue",
                        "localizationKey": "",
                        "name": "",
                        "order": 1,
                        "validationJSON": "[{\"name\": \"validQueueIDs\", \"value\": \"sfd_credit_card_not_present\"}]"
                    },
                    {
                        "argumentsJSON": "",
                        "id": "interactive-set-reason-code",
                        "localizationKey": "",
                        "name": "",
                        "order": 2,
                        "validationJSON": ""
                    }
                ],
                "name": "Move to Queue - CNP",
                "optLockVersion": -1,
                "version": 1
            },
            {
                "builtInFlag": false,
                "id": "SFD_INTERACTIVE_MOVE_TO_Q_CREDIT_CP",
                "localizedName": "Move to Queue - CP",
                "members": [
                    {
                        "argumentsJSON": "",
                        "id": "interactive-move-to-queue",
                        "localizationKey": "",
                        "name": "",
                        "order": 1,
                        "validationJSON": "[{\"name\": \"validQueueIDs\", \"value\": \"sfd_credit_card_present\"}]"
                    },
                    {
                        "argumentsJSON": "",
                        "id": "interactive-set-reason-code",
                        "localizationKey": "",
                        "name": "",
                        "order": 2,
                        "validationJSON": ""
                    }
                ],
                "name": "Move to Queue - CP",
                "optLockVersion": -1,
                "version": 1
            },
            {
                "builtInFlag": false,
                "id": "SFD_INTERACTIVE_MOVE_TO_Q_DEBIT_CNP",
                "localizedName": "Move to Queue - Debit Card",
                "members": [
                    {
                        "argumentsJSON": "",
                        "id": "interactive-move-to-queue",
                        "localizationKey": "",
                        "name": "",
                        "order": 1,
                        "validationJSON": "[{\"name\": \"validQueueIDs\", \"value\": \"sfd_debit_card_not_present\"}]"
                    },
                    {
                        "argumentsJSON": "",
                        "id": "interactive-set-reason-code",
                        "localizationKey": "",
                        "name": "",
                        "order": 2,
                        "validationJSON": ""
                    }
                ],
                "name": "Move to Queue - Debit Card",
                "optLockVersion": -1,
                "version": 1
            },
            {
                "builtInFlag": false,
                "id": "SFD_INTERACTIVE_MOVE_TO_Q_DEBIT_CP",
                "localizedName": "Move to Queue - Debit Card",
                "members": [
                    {
                        "argumentsJSON": "",
                        "id": "interactive-move-to-queue",
                        "localizationKey": "",
                        "name": "",
                        "order": 1,
                        "validationJSON": "[{\"name\": \"validQueueIDs\", \"value\": \"sfd_debit_card_present\"}]"
                    },
                    {
                        "argumentsJSON": "",
                        "id": "interactive-set-reason-code",
                        "localizationKey": "",
                        "name": "",
                        "order": 2,
                        "validationJSON": ""
                    }
                ],
                "name": "Move to Queue - Debit Card",
                "optLockVersion": -1,
                "version": 1
            },
            {
                "builtInFlag": false,
                "id": "AG_MULTI_ACTION_BLOCK",
                "localizedName": "Multi Action Block",
                "members": [
                    {
                        "argumentsJSON": "[{\"name\": \"label\",\"value\": \"Block Card\"},{\"name\": \"actionType\",\"value\": \"block-card\"},{\"name\": \"topic\",\"value\": \"sas-alert-topic-outbound\"}]",
                        "id": "external-send-to-kafka",
                        "localizationKey": "",
                        "localizedName": "Block Card",
                        "name": "Block Card",
                        "order": 1,
                        "validationJSON": ""
                    },
                    {
                        "argumentsJSON": "[{\"name\": \"label\",\"value\": \"Block Account\"},{\"name\": \"actionType\",\"value\": \"block-account\"},{\"name\": \"topic\",\"value\": \"sas-alert-topic-outbound\"}]",
                        "id": "external-send-to-kafka",
                        "localizationKey": "",
                        "localizedName": "Block Account",
                        "name": "Block Account",
                        "order": 2,
                        "validationJSON": ""
                    },
                    {
                        "argumentsJSON": "[{\"name\": \"label\",\"value\": \"Block Customer\"},{\"name\": \"actionType\",\"value\": \"block-customer\"},{\"name\": \"topic\",\"value\": \"sas-alert-topic-outbound\"}]",
                        "id": "external-send-to-kafka",
                        "localizationKey": "",
                        "localizedName": "Block Customer",
                        "name": "Block Customer",
                        "order": 3,
                        "validationJSON": ""
                    }
                ],
                "name": "Multi Action Block",
                "optLockVersion": -1,
                "version": 1
            },
            {
                "builtInFlag": false,
                "id": "AG_MULTI_ACTION_CONTACT",
                "localizedName": "Multi Action External",
                "members": [
                    {
                        "argumentsJSON": "[{\"name\": \"label\",\"value\": \"Send SMS\"},{\"name\": \"actionType\",\"value\": \"send-sms\"},{\"name\": \"topic\",\"value\": \"sas-alert-topic-outbound\"}]",
                        "id": "external-send-to-kafka",
                        "localizationKey": "",
                        "localizedName": "Send SMS",
                        "name": "Send SMS",
                        "order": 1,
                        "validationJSON": ""
                    },
                    {
                        "argumentsJSON": "[{\"name\": \"label\",\"value\": \"Send Email\"},{\"name\": \"actionType\",\"value\": \"send-email\"},{\"name\": \"topic\",\"value\": \"sas-alert-topic-outbound\"}]",
                        "id": "external-send-to-kafka",
                        "localizationKey": "",
                        "localizedName": "Send Email",
                        "name": "Send Email",
                        "order": 2,
                        "validationJSON": ""
                    },
                    {
                        "argumentsJSON": "[{\"name\": \"label\",\"value\": \"Phone Customer\"},{\"name\": \"actionType\",\"value\": \"phone-customer\"},{\"name\": \"topic\",\"value\": \"sas-alert-topic-outbound\"}]",
                        "id": "external-send-to-kafka",
                        "localizationKey": "",
                        "localizedName": "Call",
                        "name": "Call",
                        "order": 3,
                        "validationJSON": ""
                    }
                ],
                "name": "Multi Action External",
                "optLockVersion": -1,
                "version": 1
            },
            {
                "builtInFlag": false,
                "id": "AG_MULTI_ACTION_CASE",
                "localizedName": "Multi Action Investigate",
                "members": [
                    {
                        "argumentsJSON": "[{\"name\": \"label\",\"value\": \"Create Case\"},{\"name\": \"actionType\",\"value\": \"ip-list\"},{\"name\": \"topic\",\"value\": \"svi-alert-topic-outbound\"}]",
                        "id": "external-send-to-kafka",
                        "localizationKey": "",
                        "localizedName": "Create case in VI",
                        "name": "Create case in VI",
                        "order": 1,
                        "validationJSON": ""
                    }
                ],
                "name": "Multi Action Investigate",
                "optLockVersion": -1,
                "version": 1
            },
            {
                "builtInFlag": false,
                "id": "AG_MULTI_ACTION_LIST",
                "localizedName": "Multi Action List",
                "members": [
                    {
                        "argumentsJSON": "[{\"name\": \"label\",\"value\": \"Add to Device List\"},{\"name\": \"actionType\",\"value\": \"device-list\"},{\"name\": \"topic\",\"value\": \"sas-alert-topic-outbound\"}]",
                        "id": "external-send-to-kafka",
                        "localizationKey": "",
                        "localizedName": "Add to List",
                        "name": "Add to List",
                        "order": 1,
                        "validationJSON": ""
                    },
                    {
                        "argumentsJSON": "[{\"name\": \"label\",\"value\": \"Add to Merchant List\"},{\"name\": \"actionType\",\"value\": \"merchant-list\"},{\"name\": \"topic\",\"value\": \"sas-alert-topic-outbound\"}]",
                        "id": "external-send-to-kafka",
                        "localizationKey": "",
                        "localizedName": "Add to List",
                        "name": "Add to List",
                        "order": 2,
                        "validationJSON": ""
                    },
                    {
                        "argumentsJSON": "[{\"name\": \"label\",\"value\": \"Add to IP List\"},{\"name\": \"actionType\",\"value\": \"merchant-list\"},{\"name\": \"topic\",\"value\": \"sas-alert-topic-outbound\"}]",
                        "id": "external-send-to-kafka",
                        "localizationKey": "",
                        "localizedName": "Add to List",
                        "name": "Add to List",
                        "order": 3,
                        "validationJSON": ""
                    }
                ],
                "name": "Multi Action List",
                "optLockVersion": -1,
                "version": 1
            },
            {
                "builtInFlag": false,
                "id": "SFD_INTERACTIVE_SUSPEND",
                "localizedName": "Reschedule",
                "members": [
                    {
                        "argumentsJSON": "",
                        "id": "interactive-suspend-alert",
                        "localizationKey": "",
                        "name": "",
                        "order": 1,
                        "validationJSON": ""
                    }
                ],
                "name": "Reschedule",
                "optLockVersion": -1,
                "version": 1
            },
            {
                "builtInFlag": false,
                "id": "SFD_SEND_OUTBOUND_CONTACT",
                "localizedName": "Send outbound contact",
                "members": [
                    {
                        "argumentsJSON": "[{\"name\": \"label\", \"value\": \"Initiate Contact\"},{\"name\": \"actionType\", \"value\": \"initiate-contact\"},{\"name\": \"topic\", \"value\": \"sas-alert-topic-outbound\"}]",
                        "id": "external-send-to-kafka",
                        "localizationKey": "",
                        "name": "",
                        "order": 1,
                        "validationJSON": ""
                    }
                ],
                "name": "Send outbound contact",
                "optLockVersion": -1,
                "version": 1
            },
            {
                "builtInFlag": false,
                "id": "SFD_SKIP_ALERT",
                "localizedName": "Skip",
                "members": [
                    {
                        "argumentsJSON": "[{\"name\": \"suspendDuration\", \"value\": 120}]",
                        "id": "suspend-alert",
                        "localizationKey": "",
                        "name": "",
                        "order": 1,
                        "validationJSON": ""
                    },
                    {
                        "argumentsJSON": "",
                        "id": "interactive-set-reason-code",
                        "localizationKey": "",
                        "name": "",
                        "order": 2,
                        "validationJSON": ""
                    }
                ],
                "name": "Skip",
                "optLockVersion": -1,
                "version": 1
            }
        ]
    ]
}