[
  {
    "group_id": "GRP_001",
    "group_members": [
      "CUST20001",
      "CUST2001",
      "CUST2002"
    ],
    "funded_customers": [],
    "funded_count": 0
  },
  {
    "group_id": "GRP_002",
    "group_members": [
      "CUST1001",
      "CUST1005"
    ],
    "funded_customers": [],
    "funded_count": 0
  },
  {
    "group_id": "GRP_003",
    "group_members": [
      "CUST001",
      "CUST002",
      "CUST4005",
      "CUST4006",
      "Linh_Pham_VPBank_998877"
    ],
    "funded_customers": [
      "CUST004",
      "CUST005",
      "CUST006"
    ],
    "funded_count": 3
  }
]